#{"t_start": 1698766230.9071462, "env_id": "2"}
r,l,t
-8353.0,309,8.190398
-7527.0,311,15.328552
-11928.0,312,23.223941
-10177.0,312,31.103194
-7799.0,300,38.663171
-8154.0,312,46.028661
-8123.0,312,53.013077
-8897.0,314,60.723907
-6338.0,312,87.521447
-5014.0,315,95.072541
-5291.0,310,102.080887
-5073.0,315,109.416916
-5151.0,315,116.337192
-6439.0,308,123.350007
-7491.0,311,130.359542
-6309.0,309,137.04723
-7235.0,313,145.812566
-5198.0,305,152.284113
-4843.0,306,158.940047
-6214.0,309,165.708131
-7314.0,315,173.013333
-5517.0,305,180.168459
-9058.0,301,186.75581
-4413.0,308,193.567841
-6172.0,308,202.611223
-4847.0,307,209.381424
-4164.0,307,216.229983
-4457.0,303,222.824539
-4285.0,307,229.61079
-4384.0,304,236.885958
-4546.0,308,243.648733
-4888.0,310,250.638149
-4781.0,305,259.698664
-4126.0,304,266.302713
-4073.0,309,273.083207
-4186.0,303,279.742249
-4253.0,309,286.657122
-3444.0,306,293.24427
-4377.0,316,300.114391
-4421.0,304,306.979592
-4270.0,305,315.527187
-3198.0,315,322.28196
-3027.0,309,329.165126
-3655.0,309,336.54239
-4405.0,313,343.814671
-3119.0,308,350.40818
-4117.0,302,357.317986
-3359.0,310,364.214504
-3761.0,306,373.21222
-2897.0,306,379.95195
-3215.0,309,387.511549
-3361.0,313,394.447343
-3010.0,311,401.237966
-3785.0,301,407.734497
-3296.0,310,414.324082
-3709.0,312,421.208812
-3941.0,306,429.586529
-3154.0,308,436.232934
-2814.0,306,442.720556
-2859.0,305,449.465805
-2565.0,306,455.952603
-3185.0,308,462.538026
-3263.0,308,469.324183
-3043.0,310,475.888451
-2993.0,307,491.433417
-2819.0,301,498.040634
-2840.0,305,505.098693
-2920.0,307,512.34894
-3146.0,312,519.452247
-2983.0,309,526.872104
-2391.0,299,534.018251
-2224.0,302,541.12459
-2332.0,308,548.678108
-2458.0,305,557.407265
-2346.0,297,564.294519
-2266.0,305,571.081952
-2582.0,307,578.410692
-2609.0,307,585.378199
-2609.0,306,592.199812
-2851.0,306,599.21542
-2695.0,301,605.943121
-2447.0,310,614.901662
-2324.0,302,621.699833
-1950.0,305,628.647329
-2302.0,309,635.54034
-2535.0,305,642.702345
-2116.0,310,649.747014
-2442.0,303,656.582561
-1923.0,306,663.690574
-2335.0,306,672.414787
-1977.0,305,679.558038
-2144.0,302,686.493522
-1918.0,309,693.683817
-2002.0,302,700.564861
-2451.0,305,707.564064
-1944.0,299,715.008701
-1913.0,303,722.318838
-2511.0,301,731.132442
-1658.0,297,737.872386
-1908.0,306,744.672439
-1736.0,298,751.096328
-1865.0,306,757.66237
-1802.0,303,764.446049
-1907.0,300,771.618796
-2004.0,312,779.2435
-2000.0,302,787.964332
-1853.0,295,794.866967
-2040.0,301,801.586638
-1944.0,301,808.756473
-1873.0,305,815.413193
-1912.0,303,822.377063
-1552.0,302,829.065622
-1917.0,309,835.700313
-1847.0,305,842.579129
-1816.0,305,851.173408
-1580.0,295,857.939499
-1753.0,302,864.765999
-1791.0,309,872.16196
-1780.0,302,879.205477
-1667.0,305,886.1053
-1470.0,300,893.074162
-1871.0,303,900.04606
-1701.0,305,916.038208
-1713.0,295,922.813498
-1498.0,304,929.806717
-1792.0,295,936.500215
-1626.0,299,943.61927
-1820.0,302,950.526156
-1521.0,296,957.385505
-1595.0,305,964.407832
-1743.0,304,973.296583
-1385.0,296,980.027351
-1681.0,296,986.875486
-1551.0,295,993.601177
-1550.0,297,1000.577095
-1685.0,306,1007.525621
-1520.0,298,1014.270868
-1426.0,296,1021.190675
-1525.0,303,1028.148436
-1326.0,294,1036.902637
-1307.0,296,1043.628936
-1392.0,295,1050.523567
-1608.0,297,1057.263673
-1986.0,303,1064.420897
-1685.0,293,1071.152611
-1261.0,298,1077.890262
-1318.0,294,1084.892152
-1506.0,296,1093.617387
-1412.0,300,1100.48284
-1260.0,298,1107.706367
-1535.0,301,1114.883988
-1496.0,297,1122.34819
-1466.0,293,1129.108106
-1512.0,295,1136.181162
-1391.0,290,1142.62539
-1354.0,294,1151.243882
-1598.0,296,1158.058387
-1427.0,291,1164.706861
-1415.0,297,1171.434771
-1438.0,297,1178.179108
-1427.0,290,1184.94305
-1240.0,299,1191.696479
-1473.0,302,1198.745925
-1458.0,305,1205.56405
-1311.0,293,1214.034824
-1336.0,292,1220.730679
-1339.0,294,1227.360687
-1415.0,297,1234.658445
-1180.0,293,1241.637446
-1446.0,293,1248.574054
-1268.0,294,1255.354922
-1175.0,296,1262.333711
-1328.0,291,1271.099177
-1336.0,300,1277.886842
-1256.0,292,1284.619646
-1404.0,294,1291.403708
-1116.0,296,1298.206376
-1234.0,290,1305.029231
-1320.0,290,1311.695964
-1408.0,291,1318.697446
-1439.0,300,1325.682617
-1230.0,291,1342.095437
-1293.0,296,1348.721105
-1242.0,290,1355.627059
-1109.0,294,1361.93458
-1345.0,299,1368.42654
-1548.0,293,1374.728333
-1321.0,295,1381.090967
-1137.0,296,1387.680936
-1386.0,297,1395.830066
-1556.0,294,1402.239091
-1091.0,300,1408.610427
-1164.0,296,1414.999114
-1301.0,290,1421.165414
-1355.0,300,1427.758195
-1394.0,296,1434.163879
-1336.0,300,1440.516968
-1186.0,297,1447.051425
-1411.0,293,1455.115018
-1256.0,295,1461.449476
-1345.0,299,1467.90617
-1117.0,295,1474.455851
-1119.0,293,1481.269621
-1278.0,299,1487.715599
-1235.0,296,1493.974259
-1346.0,298,1500.564506
-1412.0,293,1508.638801
-1123.0,291,1514.969447
-1086.0,294,1521.214835
-1410.0,295,1527.62993
-1274.0,294,1533.837249
-1280.0,297,1540.469074
-1265.0,296,1546.717305
-1206.0,290,1552.912347
-1164.0,290,1559.330218
-1143.0,287,1567.348267
-1136.0,295,1573.595408
-1108.0,294,1579.942445
-1245.0,295,1586.270821
-1328.0,288,1592.668589
-1226.0,293,1598.891732
-1292.0,297,1605.438294
-1270.0,291,1611.661597
-1327.0,294,1619.921232
-1088.0,291,1626.308095
-1279.0,290,1632.739977
-1110.0,293,1639.051067
-1089.0,290,1645.285844
-1154.0,284,1651.646881
-1276.0,296,1658.032042
-1262.0,296,1664.568261
-1147.0,297,1670.921502
-1399.0,294,1679.101278
-1235.0,289,1685.411785
-1187.0,285,1691.429384
-1463.0,289,1697.79201
-1294.0,296,1704.135944
-1183.0,290,1710.552763
-1035.0,289,1716.742131
-1322.0,296,1723.004609
-1287.0,299,1738.218437
-1150.0,291,1744.430154
-1252.0,296,1750.849597
-1329.0,286,1756.861245
-985.0,285,1763.055009
-1041.0,291,1769.310629
-1095.0,294,1775.741271
-1286.0,289,1781.948415
-1228.0,290,1788.082454
-975.0,292,1796.397606
-1080.0,297,1802.78674
-1128.0,294,1809.108582
-1025.0,296,1815.527618
-958.0,296,1821.866493
-1084.0,297,1828.244763
-1172.0,297,1834.723048
-1195.0,295,1840.955999
-1480.0,292,1847.098444
-1414.0,294,1855.436752
-1435.0,293,1861.660551
-1213.0,295,1867.922796
-1064.0,294,1874.462526
-1059.0,291,1880.665949
-1213.0,299,1887.172874
-1199.0,287,1893.344229
-1166.0,294,1899.686378
-1112.0,298,1908.140296
-1144.0,295,1914.428415
-1072.0,291,1920.64483
-1165.0,293,1927.117648
-1288.0,297,1933.42498
-1144.0,297,1939.909578
-1127.0,294,1946.274708
-1091.0,300,1952.724026
-1112.0,300,1959.437116
-1262.0,300,1967.761565
-1021.0,298,1974.10735
-1121.0,290,1980.48872
-1202.0,292,1986.725956
-1234.0,296,1993.256743
-1019.0,293,1999.524038
-1041.0,294,2005.772471
-988.0,295,2012.250823
-1033.0,296,2020.385406
-1258.0,297,2026.723487
-1170.0,293,2033.162543
-1098.0,296,2039.475501
-1140.0,296,2045.99753
-1309.0,294,2052.268934
-1097.0,297,2058.805645
-889.0,294,2065.127108
-1331.0,294,2073.268398
-1201.0,291,2079.550089
-1034.0,287,2085.755561
-994.0,286,2091.871125
-1023.0,293,2098.160634
-1178.0,293,2104.631034
-1192.0,288,2110.764549
-1238.0,290,2117.249522
-1112.0,291,2123.527479
-1067.0,292,2138.508567
-1139.0,293,2144.835141
-1197.0,288,2151.176759
-1149.0,287,2157.35929
-1228.0,300,2163.903683
-1008.0,293,2170.267224
-1075.0,295,2176.708781
-1099.0,285,2183.085471
-1077.0,291,2189.305573
-1176.0,297,2197.742788
-1026.0,293,2204.057471
-1124.0,296,2210.48092
-1241.0,292,2216.995355
-858.0,296,2223.478435
-984.0,295,2229.848385
-1067.0,294,2236.16554
-1211.0,291,2242.638147
-1156.0,300,2250.963677
-1171.0,300,2257.368475
-998.0,297,2263.876562
-1035.0,306,2270.308716
-1222.0,301,2276.954744
-957.0,294,2283.376364
-1156.0,295,2289.908674
-1030.0,295,2296.185842
-1205.0,294,2302.450788
-997.0,290,2310.595406
-1084.0,291,2316.952602
-1162.0,303,2323.425478
-1114.0,297,2330.08975
-1112.0,305,2337.006485
-1093.0,303,2343.560548
-1107.0,297,2350.1708
-1026.0,300,2356.62775
-1293.0,293,2364.830938
-877.0,291,2371.240229
-1150.0,290,2377.504793
-1117.0,297,2383.980926
-1044.0,297,2390.352518
-1235.0,299,2397.005072
-1244.0,299,2403.530521
-1164.0,289,2409.720324
-1020.0,290,2418.129168
-1133.0,297,2424.540243
-1082.0,298,2431.078473
-1079.0,289,2437.259302
-1051.0,296,2443.799782
-1220.0,289,2450.056954
-1035.0,300,2456.463608
-1134.0,286,2462.87794
-1194.0,296,2469.281638
-1356.0,290,2477.599734
-1137.0,299,2483.942285
-918.0,298,2490.437789
-1173.0,293,2496.75689
-1048.0,283,2502.859544
-1126.0,292,2509.416584
-961.0,285,2515.53494
-1024.0,291,2521.850055
-932.0,296,2528.449452
-992.0,290,2543.509713
-1078.0,295,2549.990024
-1031.0,297,2556.50159
-1015.0,297,2562.908586
-1069.0,290,2569.111357
-1137.0,296,2575.608614
-896.0,294,2581.9182
-1066.0,295,2588.354416
-987.0,296,2596.78607
-1098.0,294,2603.116485
-1063.0,305,2609.666384
-1129.0,293,2615.942383
-1053.0,299,2622.248387
-1156.0,295,2628.699454
-1074.0,292,2634.893769
-1084.0,300,2641.157483
-954.0,296,2649.484993
-1156.0,300,2655.756039
-1084.0,297,2662.200045
-1248.0,300,2668.572934
-1065.0,291,2674.915447
-1030.0,296,2681.180189
-1223.0,296,2687.477175
-1066.0,300,2694.008621
-1022.0,297,2700.385677
-1052.0,295,2708.630548
-954.0,284,2714.733946
-998.0,294,2721.148631
-890.0,290,2727.450344
-966.0,289,2733.831774
-1142.0,293,2740.216046
-1093.0,295,2746.612432
-1103.0,296,2753.076018
-1039.0,290,2761.139641
-958.0,297,2767.587759
-1109.0,290,2773.833385
-1172.0,300,2780.390901
-886.0,297,2786.714143
-1019.0,295,2793.072487
-1282.0,291,2799.422218
-1006.0,287,2805.54079
-1132.0,295,2811.738198
-1126.0,292,2820.005699
-999.0,291,2826.256187
-1001.0,291,2832.712879
-1057.0,296,2838.981696
-998.0,297,2845.355887
-1126.0,293,2851.97765
-952.0,289,2858.074576
-1033.0,289,2864.560762
-1026.0,294,2872.889231
-1064.0,288,2879.139043
-1167.0,293,2885.480544
-1143.0,295,2891.788584
-971.0,294,2898.167491
-1137.0,293,2904.499142
-1166.0,302,2911.020954
-1144.0,294,2917.464442
-1192.0,288,2923.684094
-1035.0,290,2938.87498
-1074.0,291,2945.095285
-1036.0,294,2951.452549
-995.0,285,2957.646335
-1151.0,301,2964.12267
-1015.0,293,2970.538855
-1090.0,293,2976.8183
-970.0,297,2983.264846
-1006.0,293,2989.695306
-1065.0,291,2997.754732
-1062.0,297,3004.077038
-1157.0,296,3010.650447
-987.0,294,3016.966515
-1044.0,294,3023.39436
-1033.0,286,3029.815354
-1043.0,290,3035.926858
-901.0,298,3042.255181
-1110.0,283,3050.400788
-957.0,291,3056.71583
-928.0,286,3062.9453
-1158.0,298,3069.310882
-1001.0,291,3075.713244
-1072.0,291,3082.196094
-1107.0,285,3088.252643
-1013.0,292,3094.4846
-1236.0,293,3100.925141
-1162.0,290,3108.995796
-1057.0,296,3115.4937
-1024.0,294,3121.780164
-1205.0,294,3128.183309
-1122.0,297,3134.582263
-1006.0,291,3140.883422
-1199.0,294,3147.445894
-1020.0,294,3153.843615
-1099.0,291,3162.101159
-951.0,289,3168.357819
-1116.0,284,3174.621256
-1034.0,294,3180.728299
-997.0,298,3187.201201
-1009.0,297,3193.60622
-1018.0,293,3199.801342
-1128.0,290,3206.089759
-1206.0,293,3212.317687
-1020.0,294,3220.549972
-938.0,296,3226.842027
-958.0,285,3233.125188
-1103.0,294,3239.426044
-1067.0,290,3245.661866
-1188.0,290,3252.006356
-1054.0,297,3258.366087
-914.0,285,3264.700625
-915.0,288,3272.741395
-1191.0,288,3278.89406
-990.0,295,3285.491806
-1059.0,284,3291.662663
-1134.0,293,3298.200061
-1045.0,292,3304.528598
-1029.0,291,3310.821134
-1184.0,285,3317.21462
-889.0,292,3323.460215
-1058.0,290,3338.467983
-1101.0,291,3344.709047
-1048.0,298,3351.180036
-1112.0,288,3357.45878
-1019.0,282,3363.688985
-1198.0,287,3369.831048
-1103.0,296,3376.431581
-884.0,289,3382.665497
-1058.0,285,3388.835717
-856.0,289,3396.99927
-925.0,297,3403.431023
-963.0,285,3409.541609
-963.0,290,3415.681242
-1116.0,297,3422.285985
-1131.0,297,3428.625489
-921.0,289,3435.0871
-1077.0,290,3441.402497
-1032.0,291,3449.677257
-1048.0,285,3455.969472
-1094.0,296,3462.321322
-974.0,286,3468.670163
-1043.0,291,3475.089281
-1037.0,294,3481.649925
-1027.0,289,3487.857198
-1166.0,285,3494.027915
-1125.0,288,3500.50425
-1068.0,295,3508.811277
-1006.0,290,3515.050245
-985.0,289,3521.397738
-1199.0,286,3527.541648
-844.0,296,3534.130681
-1063.0,293,3540.425183
-1032.0,291,3546.877177
-1117.0,288,3553.014896
-1056.0,290,3561.111973
-874.0,290,3567.408612
-1018.0,292,3573.815282
-1133.0,289,3579.970752
-1034.0,281,3585.945998
-896.0,288,3592.305523
-1165.0,287,3598.468745
-1094.0,288,3604.825211
-892.0,284,3610.976105
-1085.0,289,3619.158248
-986.0,289,3625.550807
-895.0,294,3631.846592
-1163.0,287,3638.124331
-1185.0,295,3644.570115
-1022.0,286,3650.932319
-1081.0,295,3657.331093
-1069.0,296,3663.694029
-890.0,296,3670.266814
-1092.0,287,3678.35718
-838.0,290,3684.597178
-1103.0,287,3690.929359
-955.0,293,3697.230656
-1142.0,291,3703.650561
-989.0,297,3710.083918
-1131.0,291,3716.375891
-887.0,289,3722.868552
-896.0,289,3737.903404
-925.0,285,3744.093091
-882.0,289,3750.409672
-1097.0,293,3756.807905
-1143.0,291,3763.364092
-1028.0,288,3769.543437
-917.0,294,3775.906029
-1062.0,289,3782.242143
-1093.0,285,3788.479757
-937.0,291,3796.70495
-1178.0,290,3803.147199
-1045.0,288,3809.473744
-1033.0,290,3815.893197
-1165.0,293,3822.183676
-932.0,293,3828.562006
-937.0,290,3834.825097
-1046.0,293,3841.159101
-1022.0,288,3849.334762
-1048.0,294,3855.653226
-1065.0,299,3862.203438
-1082.0,291,3868.36948
-1071.0,296,3874.636805
-1049.0,290,3881.103111
-993.0,299,3887.45407
-1020.0,300,3894.111592
-1122.0,290,3900.302113
-1059.0,297,3908.481227
-1144.0,289,3914.806197
-1038.0,292,3921.019179
-1110.0,295,3927.397101
-1043.0,297,3933.781285
-1163.0,299,3940.33769
-1129.0,300,3946.680852
-1012.0,294,3952.906971
-1152.0,295,3961.304461
-1017.0,291,3967.564077
-973.0,294,3974.025728
-1032.0,287,3980.15133
-955.0,293,3986.572213
-894.0,295,3992.852863
-989.0,293,3999.255639
-969.0,294,4005.838609
-1208.0,297,4012.183591
-1039.0,303,4020.578445
-1008.0,292,4026.903274
-1107.0,301,4033.537952
-942.0,291,4039.778011
-1135.0,295,4046.322867
-1010.0,297,4052.908155
-944.0,293,4059.21769
-909.0,290,4065.777852
-1070.0,297,4074.027674
-999.0,297,4080.458649
-1171.0,300,4086.91481
-1060.0,300,4093.540304
-1062.0,298,4099.886756
-1199.0,294,4106.287951
-955.0,300,4112.669019
-934.0,300,4119.030932
-1021.0,290,4125.492802
-1014.0,297,4140.57786
-1109.0,293,4146.996959
-952.0,288,4153.221353
-981.0,293,4159.679449
-995.0,301,4166.070568
-1095.0,291,4172.31711
-1015.0,294,4178.790386
-1033.0,299,4185.28327
-972.0,295,4193.830453
-1188.0,302,4200.261212
-945.0,296,4206.60225
-929.0,301,4213.230915
-1115.0,302,4219.712568
-969.0,301,4226.159958
-1104.0,306,4233.130322
-971.0,295,4239.438188
-1026.0,297,4245.813651
-978.0,290,4254.071326
-1084.0,302,4260.482469
-866.0,300,4267.032281
-1021.0,297,4273.50546
-1194.0,305,4280.014187
-955.0,301,4286.644389
-1088.0,300,4293.086958
-983.0,303,4299.645968
-998.0,303,4308.366912
-1008.0,309,4314.959905
-1053.0,300,4321.33001
-873.0,301,4327.98256
-1182.0,309,4334.689589
-977.0,303,4341.442721
-1086.0,300,4347.929156
-1015.0,307,4354.544783
-915.0,303,4363.122197
-1026.0,297,4369.513452
-1121.0,309,4376.061304
-1133.0,303,4382.628902
-1150.0,300,4388.942574
-1091.0,302,4395.536861
-1083.0,302,4401.903472
-1004.0,303,4408.37798
-999.0,300,4414.983373
-1142.0,305,4423.316391
-996.0,302,4429.807297
-1056.0,302,4436.141809
-887.0,303,4442.785789
-1242.0,313,4449.501023
-990.0,300,4455.828938
-1120.0,305,4462.557797
-1007.0,301,4468.901225
-878.0,300,4477.311176
-1084.0,302,4483.608331
-1097.0,299,4490.136748
-978.0,297,4496.492678
-1042.0,303,4503.157597
-1065.0,303,4509.577166
-869.0,306,4516.39491
-1125.0,312,4523.000531
-1020.0,305,4538.3995
-1212.0,299,4544.755075
-1130.0,301,4551.335526
-1025.0,305,4557.864626
-1081.0,303,4564.499209
-916.0,301,4570.911394
-976.0,295,4577.222087
-984.0,302,4583.872972
-938.0,303,4592.284902
-977.0,311,4598.95741
-1013.0,308,4605.567583
-949.0,296,4611.971735
-1019.0,306,4618.475254
-907.0,300,4624.923653
-1128.0,309,4631.437977
-1010.0,311,4637.918089
-987.0,300,4646.479742
-1022.0,305,4653.069349
-858.0,307,4659.756155
-1054.0,299,4666.050903
-924.0,314,4673.030728
-993.0,308,4679.645512
-1037.0,307,4686.063635
-1008.0,309,4692.851682
-958.0,305,4699.367407
-1044.0,312,4707.928481
-1109.0,306,4714.541954
-1018.0,309,4721.184512
-906.0,302,4727.577561
-995.0,308,4734.314168
-1120.0,309,4740.781259
-889.0,305,4747.429311
-991.0,311,4753.907471
-1099.0,299,4762.209565
-1108.0,308,4768.698783
-866.0,300,4775.18687
-940.0,305,4781.63124
-791.0,302,4788.274458
-1034.0,306,4794.789825
-1028.0,306,4801.386422
-1059.0,299,4807.999614
-925.0,308,4816.39865
-1027.0,311,4822.978014
-972.0,311,4829.773759
-815.0,312,4836.519389
-1142.0,311,4843.277463
-1198.0,313,4849.863937
-1031.0,315,4856.626146
-1125.0,311,4863.133348
-1091.0,305,4871.606215
-972.0,305,4878.274901
-1004.0,309,4885.112253
-929.0,307,4891.847124
-1009.0,308,4898.331547
-1030.0,302,4904.87315
-984.0,307,4911.327288
-1113.0,309,4918.093907
-1051.0,302,4933.289028
-877.0,297,4939.652588
-1074.0,313,4946.269909
-1016.0,306,4952.944844
-1018.0,307,4959.525108
-1067.0,311,4966.388642
-1046.0,303,4972.877176
-996.0,312,4979.445053
-1008.0,313,4988.247137
-1013.0,310,4994.776456
-1050.0,301,5001.118822
-959.0,308,5007.736383
-955.0,302,5014.126379
-1062.0,305,5020.831018
-1155.0,309,5027.503688
-1022.0,308,5034.115886
-893.0,310,5042.707856
-965.0,312,5049.357607
-1143.0,313,5056.159476
-1007.0,315,5062.880357
-941.0,309,5069.72848
-1005.0,303,5076.224383
-983.0,314,5082.921894
-998.0,314,5089.822333
-987.0,314,5098.38684
-953.0,313,5105.066163
-937.0,309,5111.741287
-1109.0,314,5118.520487
-1034.0,309,5124.953498
-959.0,313,5131.681007
-1058.0,318,5138.473234
-962.0,314,5145.418276
-850.0,314,5153.903372
-1032.0,313,5160.818879
-1029.0,307,5167.312786
-1008.0,302,5173.90211
-1043.0,311,5180.532526
-937.0,313,5187.268615
-1067.0,307,5193.750447
-1097.0,307,5200.171672
-1174.0,314,5207.129684
-1060.0,312,5215.584946
-860.0,317,5222.283737
-995.0,308,5228.937848
-1014.0,309,5235.527093
-1135.0,307,5242.225109
-871.0,312,5248.797857
-1027.0,309,5255.552916
-1157.0,315,5262.414422
-1091.0,309,5270.857078
-924.0,308,5277.490078
-1147.0,317,5284.134922
-904.0,314,5290.971206
-1091.0,312,5297.574864
-930.0,311,5304.500485
-1021.0,308,5311.075491
-938.0,312,5317.745553
-1075.0,313,5333.30213
-1101.0,315,5340.107211
-1064.0,306,5346.73817
-1029.0,313,5353.398933
-990.0,318,5360.17689
-946.0,320,5367.098544
-1037.0,312,5373.859503
-915.0,313,5380.447678
-896.0,314,5389.232124
-1064.0,302,5395.788203
-820.0,308,5402.513609
-850.0,308,5409.021229
-963.0,307,5415.516926
-998.0,311,5422.357165
-986.0,312,5428.944816
-1128.0,311,5435.95595
-1003.0,308,5444.394178
-1084.0,305,5450.866123
-1024.0,308,5457.491078
-951.0,313,5464.073708
-1055.0,305,5470.656437
-948.0,315,5477.345219
-1065.0,308,5483.779835
-967.0,313,5490.704398
-915.0,312,5499.111725
-1034.0,313,5505.870337
-975.0,314,5512.500232
-1013.0,306,5519.108592
-1132.0,306,5525.54038
-1131.0,314,5532.133203
-977.0,306,5538.816298
-1048.0,312,5545.538184
-843.0,311,5554.209815
-1000.0,309,5560.810161
-988.0,309,5567.503624
-1121.0,307,5574.02941
-884.0,312,5580.848515
-877.0,300,5587.363875
-953.0,307,5594.123523
-1010.0,306,5600.664468
-896.0,306,5608.939126
-913.0,308,5615.56663
-924.0,305,5622.164588
-916.0,308,5628.758819
-915.0,307,5635.204731
-925.0,299,5641.76049
-1007.0,302,5648.207334
-940.0,308,5654.956897
-871.0,309,5663.30782
-974.0,309,5669.805145
-1088.0,305,5676.479855
-1010.0,312,5683.147459
-1073.0,302,5689.808351
-874.0,306,5696.22879
-980.0,309,5703.0565
-989.0,305,5709.590348
-1122.0,308,5724.86872
-982.0,303,5731.303045
-933.0,306,5737.913179
-903.0,311,5744.583256
-952.0,303,5751.202998
-1042.0,314,5757.846276
-1029.0,305,5764.582224
-926.0,303,5771.052128
-841.0,303,5779.31325
-1054.0,307,5785.883785
-959.0,307,5792.470825
-1027.0,305,5799.056229
-1078.0,306,5805.790417
-1104.0,311,5812.379033
-976.0,309,5818.891312
-1038.0,309,5825.650933
-1050.0,312,5832.317958
-903.0,309,5840.908634
-1007.0,304,5847.365532
-915.0,311,5854.180861
-886.0,306,5860.654824
-1122.0,307,5867.358125
-1054.0,307,5873.84948
-946.0,300,5880.271242
-967.0,314,5887.228108
-1001.0,301,5895.59036
-915.0,309,5902.247275
-857.0,300,5908.59285
-986.0,308,5915.246557
-1019.0,303,5921.696426
-1051.0,303,5928.178639
-988.0,305,5934.831789
-992.0,305,5941.199539
-983.0,306,5949.809622
-1134.0,307,5956.439436
-893.0,306,5962.984063
-914.0,305,5969.366722
-964.0,302,5975.942959
-868.0,309,5982.475493
-1030.0,309,5989.326949
-892.0,308,5995.827614
-1052.0,302,6004.067029
-1132.0,307,6010.586575
-993.0,308,6017.277778
-929.0,305,6023.834169
-1169.0,308,6030.387501
-1118.0,307,6036.988363
-1043.0,306,6043.771306
-1130.0,305,6050.50688
-967.0,298,6058.655551
-983.0,301,6065.004796
-1039.0,309,6071.631078
-1167.0,306,6078.160522
-966.0,307,6084.743217
-1004.0,301,6091.227278
-1033.0,303,6097.650698
-1098.0,302,6104.382053
-1215.0,305,6119.490769
-974.0,299,6125.973477
-1114.0,309,6132.760284
-946.0,306,6139.197424
-916.0,307,6145.863932
-1121.0,307,6152.53347
-1070.0,304,6159.006518
-1035.0,302,6165.771672
-1070.0,313,6172.424406
-1029.0,308,6181.020854
-922.0,299,6187.45068
-991.0,307,6194.151953
-976.0,306,6200.67235
-911.0,297,6207.136616
-944.0,300,6213.676456
-986.0,312,6220.349073
-929.0,302,6227.143142
-1032.0,305,6235.506119
-1213.0,311,6242.120008
-958.0,305,6248.705014
-953.0,302,6255.189936
-1076.0,299,6261.798161
-953.0,296,6268.116602
-1010.0,303,6274.789178
-1035.0,300,6281.207181
-1064.0,300,6289.582114
-937.0,303,6296.387561
-1065.0,302,6302.828217
-930.0,300,6309.385263
-970.0,306,6315.907736
-907.0,306,6322.645947
-1133.0,313,6329.282044
-1025.0,308,6335.719271
-1098.0,307,6344.35157
-966.0,297,6350.631881
-1116.0,308,6357.384321
-1020.0,305,6363.977778
-894.0,306,6370.618284
-1145.0,303,6377.096269
-1008.0,299,6383.490238
-1082.0,301,6390.10781
-977.0,305,6396.549684
-991.0,316,6405.176735
-1081.0,300,6411.625171
-979.0,303,6418.009948
-861.0,308,6424.491659
-1114.0,300,6431.080676
-909.0,299,6437.508821
-1134.0,301,6444.156089
-918.0,303,6450.612499
-941.0,305,6459.006282
-997.0,303,6465.477477
-1249.0,306,6472.135739
-1014.0,307,6478.907037
-1025.0,308,6485.535917
-1056.0,303,6491.952282
-934.0,311,6498.610384
-919.0,309,6505.308248
-988.0,300,6520.320567
-1077.0,306,6526.953397
-998.0,297,6533.179782
-1021.0,305,6539.826701
-913.0,305,6546.285704
-796.0,311,6552.812193
-984.0,308,6559.584645
-1257.0,314,6566.27127
-1160.0,312,6574.89142
-1047.0,305,6581.336463
-1004.0,307,6587.885793
-904.0,298,6594.361057
-853.0,303,6600.799175
-1078.0,300,6607.143394
-1015.0,309,6613.871957
-894.0,306,6620.297036
-993.0,296,6628.668727
-1039.0,299,6635.149776
-1016.0,302,6641.501911
-895.0,299,6647.955617
-1024.0,297,6654.279964
-937.0,297,6660.782168
-1028.0,306,6667.660933
-988.0,300,6674.121488
-1029.0,307,6680.631833
-1129.0,300,6689.091848
-852.0,301,6695.554997
-997.0,312,6702.315888
-1003.0,305,6708.847454
-1024.0,301,6715.326509
-1050.0,299,6721.983374
-856.0,305,6728.54477
-1078.0,302,6734.967568
-831.0,299,6743.475531
-1026.0,300,6749.807813
-887.0,297,6756.565381
-962.0,300,6762.893872
-930.0,294,6769.136272
-865.0,295,6775.789377
-1046.0,294,6782.206873
-797.0,300,6788.80394
-1009.0,302,6797.146536
-1091.0,297,6803.567168
-946.0,299,6810.183792
-1077.0,297,6816.556247
-1037.0,297,6823.102375
-901.0,291,6829.265646
-1085.0,308,6835.789288
-887.0,299,6842.37982
-1020.0,293,6848.635787
-1043.0,300,6856.990744
-988.0,297,6863.35016
-1244.0,308,6869.999743
-1058.0,296,6876.314561
-983.0,295,6882.748576
-1120.0,299,6889.309756
-1134.0,302,6895.922933
-935.0,302,6902.33357
-1010.0,308,6917.483015
-933.0,297,6923.787506
-925.0,300,6930.274317
-976.0,295,6936.523784
-1055.0,305,6943.182248
-941.0,297,6949.461625
-1119.0,297,6955.790288
-903.0,299,6962.353543
-1010.0,302,6970.625975
-1027.0,309,6977.28402
-1082.0,305,6983.772956
-1005.0,306,6990.573738
-1102.0,300,6996.902088
-943.0,295,7003.408409
-1000.0,295,7009.734676
-977.0,309,7016.282714
-946.0,295,7022.78621
-1022.0,306,7031.250588
-1172.0,297,7037.723452
-941.0,299,7044.239197
-1018.0,299,7050.811225
-1166.0,303,7057.290119
-1058.0,300,7063.693362
-1003.0,304,7070.348393
-1056.0,308,7077.118372
-872.0,300,7085.51774
-1012.0,301,7091.921085
-1010.0,303,7098.481241
-997.0,299,7104.831181
-1029.0,298,7111.269622
-905.0,307,7117.815619
-1028.0,313,7124.373335
-1011.0,302,7131.084595
-1039.0,313,7139.672102
-953.0,309,7146.39712
-1005.0,301,7152.82904
-939.0,308,7159.566647
-1073.0,314,7166.349603
-990.0,309,7173.149534
-996.0,309,7179.880057
-955.0,307,7186.309074
-984.0,300,7194.704444
-1124.0,312,7201.29197
-1020.0,307,7207.875798
-991.0,305,7214.368935
-943.0,312,7221.157149
-1052.0,307,7227.717446
-1052.0,301,7234.093431
-947.0,303,7240.827219
-1041.0,309,7249.293159
-935.0,302,7255.910469
-1108.0,303,7262.471332
-1206.0,312,7269.188582
-883.0,307,7275.722614
-805.0,301,7282.305554
-898.0,300,7288.620502
-1031.0,311,7295.28339
-1019.0,295,7301.826218
-949.0,302,7316.933622
-1032.0,311,7323.634027
-1051.0,301,7330.042673
-932.0,303,7336.669021
-762.0,300,7343.082711
-945.0,305,7349.800201
-999.0,303,7356.393076
-1091.0,300,7362.774728
-932.0,306,7371.410953
-1226.0,308,7377.975859
-1021.0,302,7384.58532
-966.0,305,7391.176945
-987.0,295,7397.539888
-988.0,302,7404.289225
-1032.0,308,7410.941432
-995.0,299,7417.642209
-956.0,301,7425.98747
-1033.0,309,7432.568823
-941.0,307,7439.476746
-813.0,305,7446.020348
-1044.0,297,7452.568847
-1039.0,306,7459.170139
-911.0,303,7465.643332
-941.0,305,7472.341582
-999.0,307,7480.79206
-889.0,304,7487.343663
-940.0,299,7493.955949
-1012.0,309,7500.630731
-962.0,301,7507.1472
-941.0,306,7513.929265
-898.0,305,7520.489212
-887.0,301,7527.13785
-1013.0,306,7533.74915
-1131.0,299,7541.943736
-1058.0,302,7548.49012
-1023.0,302,7555.137393
-1136.0,306,7561.721281
-1205.0,305,7568.416695
-1213.0,307,7575.502773
-1053.0,306,7582.032888
-995.0,302,7588.516601
-972.0,302,7597.106071
-818.0,303,7603.693986
-1119.0,309,7610.344094
-864.0,315,7617.109092
-996.0,305,7623.964502
-919.0,306,7630.533182
-916.0,306,7637.111431
-1062.0,309,7643.878221
-971.0,305,7652.239157
-1019.0,307,7659.124024
-902.0,299,7665.457297
-1142.0,306,7672.165641
-1006.0,305,7678.801868
-1019.0,299,7685.198119
-935.0,305,7692.001245
-1099.0,308,7698.706736
-1095.0,301,7714.005471
-1005.0,305,7720.443936
-987.0,306,7726.986931
-1003.0,303,7733.570311
-977.0,297,7739.851928
-1074.0,307,7746.674316
-966.0,303,7753.107286
-1040.0,303,7759.612906
-970.0,308,7768.224536
-979.0,300,7774.636501
-1159.0,309,7781.310284
-1048.0,297,7787.966703
-861.0,300,7794.435612
-1064.0,300,7800.827787
-1244.0,301,7807.506758
-916.0,301,7814.134946
-1103.0,304,7820.995124
-1138.0,307,7829.451847
-990.0,307,7836.07452
-1035.0,305,7842.741511
-1018.0,301,7849.19166
-830.0,302,7855.782398
-977.0,299,7862.26163
-879.0,296,7868.660501
-902.0,309,7875.547562
-876.0,297,7883.74198
-955.0,306,7890.311581
-1090.0,306,7897.024889
-866.0,301,7903.534711
-1116.0,307,7910.414417
-873.0,305,7916.956424
-1120.0,303,7923.729485
-982.0,295,7930.067742
-891.0,289,7938.405139
-928.0,305,7945.031587
-1027.0,298,7951.6303
-949.0,296,7958.084443
-1043.0,297,7964.710638
-845.0,308,7971.361129
-1143.0,295,7977.854936
-982.0,307,7984.730293
-971.0,299,7991.282135
-1015.0,300,7999.783408
-1235.0,305,8006.41424
-832.0,297,8013.14376
-972.0,300,8019.67318
-913.0,294,8026.225136
-991.0,300,8032.831931
-1106.0,301,8039.305561
-903.0,299,8045.977965
-893.0,297,8054.289636
-1016.0,301,8060.743747
-1151.0,305,8067.463992
-974.0,306,8074.129451
-1040.0,299,8080.779773
-974.0,305,8087.423618
-865.0,295,8093.974213
-959.0,301,8100.575884
-1029.0,305,8116.060776
-944.0,297,8122.46977
-1000.0,307,8129.237569
-919.0,301,8135.714209
-983.0,300,8142.415286
-941.0,299,8148.762197
-978.0,293,8155.275066
-977.0,301,8161.834668
-903.0,303,8168.38212
-1060.0,301,8176.765551
-1028.0,305,8183.474431
-1040.0,303,8190.018343
-928.0,301,8196.486495
-1016.0,303,8203.180905
-936.0,302,8209.755095
-980.0,303,8216.550285
-990.0,302,8223.070703
-1017.0,309,8231.723193
-1088.0,302,8238.226405
-1200.0,303,8244.921826
-1135.0,308,8251.569031
-1048.0,302,8258.34347
-944.0,302,8264.935883
-1002.0,309,8271.712428
-1183.0,306,8278.603197
-1047.0,303,8286.957922
-931.0,297,8293.462372
-893.0,304,8300.296244
-1037.0,299,8306.833652
-946.0,305,8313.589233
-937.0,300,8320.13133
-940.0,301,8326.862684
-905.0,308,8333.522804
-855.0,299,8341.981082
-944.0,296,8348.484972
-875.0,308,8355.400616
-1215.0,296,8361.942412
-967.0,293,8368.518294
-1026.0,298,8375.037427
-1024.0,299,8381.519323
-1075.0,303,8388.381068
-908.0,300,8394.846987
-1152.0,300,8403.407784
-1058.0,303,8409.980955
-845.0,298,8416.605299
-981.0,311,8423.362614
-1051.0,308,8430.267587
-872.0,302,8436.841618
-1077.0,301,8443.340555
-971.0,306,8450.187131
-786.0,303,8458.604244
-928.0,308,8465.255259
-962.0,299,8471.872146
-971.0,302,8478.454118
-1207.0,308,8485.236784
-1018.0,311,8491.969612
-885.0,303,8498.48513
-1002.0,299,8505.16382
-953.0,306,8520.599064
-1019.0,307,8527.289559
-853.0,311,8534.113663
-1026.0,308,8540.741396
-937.0,306,8547.491382
-1082.0,309,8554.121307
-886.0,303,8560.655212
-1046.0,306,8567.469775
-1092.0,307,8575.934518
-931.0,309,8582.74609
-995.0,303,8589.332165
-1158.0,295,8596.027718
-926.0,311,8602.739393
-1012.0,309,8609.66486
-1016.0,314,8616.493953
-950.0,307,8623.262767
-1005.0,301,8631.861719
-836.0,302,8638.478297
-869.0,302,8645.43173
-986.0,300,8652.108639
-924.0,299,8658.838822
-949.0,304,8665.417366
-1043.0,300,8671.949301
-1317.0,302,8678.722645
-926.0,303,8685.367707
-1402.0,311,8694.112609
-948.0,303,8700.648705
-995.0,309,8707.520926
-998.0,302,8714.070232
-983.0,307,8720.892034
-1028.0,312,8727.70405
-968.0,305,8734.279336
-869.0,314,8741.261908
-1149.0,302,8749.591736
-1008.0,311,8756.455584
-897.0,301,8762.97841
-944.0,300,8769.685934
-967.0,303,8776.344994
-1047.0,309,8783.085229
-1118.0,305,8789.91859
-1125.0,308,8796.535013
-967.0,308,8805.224934
-945.0,301,8811.817358
-1022.0,306,8818.657018
-1065.0,297,8825.117832
-878.0,296,8831.733229
-976.0,302,8838.266306
-941.0,293,8844.661711
-999.0,299,8851.326538
-1196.0,302,8859.757907
-1037.0,300,8866.447699
-815.0,299,8872.913412
-942.0,301,8879.641105
-929.0,296,8886.014668
-898.0,298,8892.7796
-880.0,302,8899.322713
-1054.0,296,8905.636546
-910.0,297,8912.330063
-961.0,303,8927.508875
-1050.0,295,8934.095645
-921.0,308,8940.724535
-1071.0,296,8947.347786
-980.0,300,8953.817378
-982.0,302,8960.555188
-1147.0,297,8966.989765
-1120.0,306,8973.810563
-941.0,303,8982.515027
-1016.0,297,8988.941166
-964.0,299,8995.475029
-1129.0,307,9002.250072
-1067.0,300,9008.688773
-1001.0,294,9015.070754
-1108.0,300,9021.781547
-1045.0,291,9028.136661
-966.0,300,9036.836855
-949.0,308,9043.6114
-999.0,296,9050.05312
-983.0,299,9056.679854
-951.0,306,9063.498822
-1071.0,299,9070.13454
-992.0,298,9076.818417
-1115.0,300,9083.343328
-1219.0,297,9090.007749
-976.0,291,9098.51341
-1157.0,297,9104.989065
-1051.0,296,9111.466805
-933.0,290,9117.949696
-1016.0,294,9124.410003
-925.0,295,9131.030847
-1109.0,293,9137.404177
-974.0,293,9143.856566
-949.0,296,9152.433815
-885.0,287,9158.818298
-968.0,290,9165.170667
-1114.0,298,9171.886257
-987.0,293,9178.271466
-943.0,299,9184.965711
-986.0,302,9191.585609
-984.0,299,9198.129297
-1088.0,296,9204.868818
-996.0,295,9213.255667
-887.0,302,9219.951399
-925.0,291,9226.349224
-821.0,300,9233.031886
-849.0,296,9239.519985
-921.0,294,9246.035787
-1164.0,297,9252.899284
-945.0,291,9259.255113
-877.0,304,9267.956664
-949.0,301,9274.522597
-1025.0,301,9281.209627
-1049.0,298,9287.75516
-1059.0,302,9294.530143
-1096.0,307,9301.285813
-1112.0,314,9308.129217
-1035.0,304,9315.04902
-940.0,300,9330.332037
-1066.0,299,9336.920564
-930.0,290,9343.342713
-956.0,303,9349.888805
-953.0,299,9356.520364
-1037.0,305,9363.111183
-1146.0,300,9369.603728
-1196.0,299,9376.378758
-913.0,297,9383.025762
-1134.0,307,9391.537688
-899.0,299,9397.978025
-788.0,305,9404.673143
-923.0,292,9410.981614
-926.0,309,9417.816861
-945.0,303,9424.341413
-1110.0,312,9431.071858
-1007.0,303,9437.833243
-1072.0,310,9446.458541
-1014.0,307,9453.106982
-984.0,308,9460.012803
-1141.0,308,9466.713984
-1032.0,296,9473.347514
-921.0,308,9480.024105
-1093.0,301,9486.789747
-1030.0,312,9493.596142
-1107.0,309,9502.24096
-1093.0,301,9508.827818
-1206.0,306,9515.582575
-955.0,301,9522.114448
-941.0,294,9528.653593
-1158.0,307,9535.283956
-905.0,308,9542.040825
-1013.0,303,9548.841942
-917.0,302,9557.345644
-1114.0,302,9564.040478
-1015.0,302,9570.666074
-979.0,307,9577.467821
-1061.0,305,9584.055982
-847.0,303,9590.80123
-973.0,300,9597.370756
-1099.0,302,9603.982451
-1056.0,297,9610.771492
-1048.0,305,9619.240021
-919.0,309,9626.175272
-934.0,305,9632.736785
-1002.0,307,9639.543985
-984.0,307,9646.20428
-887.0,306,9652.906134
-983.0,300,9659.69234
-1032.0,309,9666.308667
-967.0,303,9674.856211
-1029.0,298,9681.398631
-1115.0,297,9688.009046
-933.0,305,9694.582491
-1052.0,302,9701.475039
-1022.0,303,9707.968606
-1027.0,301,9714.530658
-881.0,303,9721.356741
-1001.0,305,9736.60682
-1159.0,313,9743.438827
-871.0,302,9750.032521
-1046.0,301,9756.823765
-977.0,294,9763.202913
-930.0,303,9769.889291
-1153.0,306,9776.538629
-979.0,299,9782.990972
-1037.0,306,9791.749205
-992.0,310,9798.404721
-1002.0,301,9804.911631
-1062.0,308,9811.845678
-994.0,303,9818.382648
-1054.0,302,9825.216555
-973.0,303,9831.768812
-1053.0,297,9838.248734
-1022.0,306,9845.18386
-1042.0,302,9853.581683
-862.0,306,9860.351118
-873.0,293,9866.696337
-917.0,307,9873.50425
-1035.0,294,9879.863782
-912.0,305,9886.442063
-1013.0,313,9893.419893
-852.0,303,9899.982728
-958.0,306,9908.579449
-958.0,303,9915.178952
-1181.0,308,9922.214813
-1010.0,303,9928.873755
-1128.0,299,9935.641129
-902.0,297,9942.180097
-946.0,301,9948.846393
-959.0,293,9955.467472
-990.0,308,9964.022754
-928.0,300,9970.652279
-998.0,303,9977.308878
-844.0,305,9984.221131
-958.0,302,9990.833922
-908.0,305,9997.653121
-973.0,306,10004.347203
-926.0,300,10010.928291
-999.0,306,10019.701608
-957.0,305,10026.354782
-981.0,301,10032.948405
-963.0,309,10039.824729
-815.0,314,10046.685205
-1059.0,307,10053.492929
-1070.0,305,10060.264805
-928.0,302,10066.838569
-924.0,303,10073.66063
-972.0,307,10082.340727
-943.0,297,10089.027842
-1056.0,304,10095.637711
-916.0,303,10102.464915
-1126.0,306,10109.089615
-889.0,307,10115.976926
-1046.0,307,10122.685654
-918.0,306,10129.484331
-917.0,301,10144.958807
-946.0,305,10151.684359
-1193.0,303,10158.315982
-948.0,312,10165.342814
-1003.0,307,10172.150648
-1038.0,308,10179.04606
-1052.0,299,10185.614229
-1089.0,313,10192.436329
-971.0,303,10201.17274
-995.0,305,10207.752666
-1175.0,302,10214.291401
-921.0,307,10221.179941
-902.0,305,10227.862127
-888.0,313,10234.939708
-906.0,307,10241.6524
-1050.0,307,10248.310784
-852.0,302,10256.88729
-872.0,302,10263.5151
-906.0,311,10270.622389
-967.0,306,10277.296611
-1025.0,309,10283.986054
-884.0,302,10290.718888
-1039.0,308,10297.456321
-836.0,307,10304.391612
-1018.0,313,10313.101655
-1088.0,311,10319.90744
-958.0,299,10326.46979
-931.0,303,10333.03458
-870.0,308,10339.837184
-969.0,315,10346.713515
-1034.0,310,10353.790932
-1080.0,305,10360.513428
-1119.0,308,10369.284354
-852.0,310,10376.114002
-887.0,301,10382.719469
-1087.0,303,10389.400606
-799.0,303,10396.147639
-1068.0,308,10402.870886
-884.0,298,10409.315406
-942.0,303,10416.10708
-1043.0,300,10422.614339
-1113.0,309,10431.286715
-846.0,303,10437.890083
-1129.0,303,10444.801122
-1027.0,309,10451.500276
-1004.0,303,10458.313881
-929.0,307,10465.022745
-1155.0,305,10471.657717
-898.0,309,10478.798763
-1105.0,315,10487.552965
-1039.0,308,10494.282843
-967.0,305,10500.906117
-1039.0,306,10507.538235
-1048.0,300,10514.179599
-972.0,307,10520.883373
-943.0,308,10527.858572
-1048.0,310,10534.54247
-923.0,303,10549.798065
-962.0,309,10556.640688
-1062.0,309,10563.410175
-837.0,307,10570.089871
-1039.0,306,10576.876039
-990.0,306,10583.559538
-1073.0,306,10590.429757
-1064.0,311,10597.124314
-1088.0,308,10605.801133
-1027.0,307,10612.417048
-923.0,303,10619.135036
-1027.0,303,10625.802792
-949.0,303,10632.460115
-958.0,311,10639.278112
-988.0,302,10645.89387
-972.0,302,10652.702848
-936.0,302,10661.325485
-881.0,306,10668.060061
-932.0,307,10674.774933
-1062.0,311,10681.747909
-899.0,311,10688.502067
-960.0,303,10695.26661
-911.0,303,10701.841349
-1118.0,311,10708.584856
-952.0,306,10717.245321
-987.0,313,10724.11374
-1018.0,303,10730.96317
-900.0,300,10737.497381
-901.0,305,10744.313838
-943.0,300,10751.015031
-981.0,303,10757.580213
-978.0,303,10764.443063
-1095.0,305,10771.365942
-984.0,303,10779.990621
-994.0,308,10786.751944
-879.0,309,10793.614365
-954.0,298,10800.133711
-1100.0,306,10807.055911
-965.0,303,10813.704701
-1026.0,308,10820.469193
-991.0,299,10827.135484
-1115.0,305,10835.630636
-831.0,305,10842.348809
-1072.0,309,10849.104146
-1226.0,302,10855.905391
-915.0,308,10862.620493
-901.0,305,10869.301263
-1178.0,308,10876.280232
-1159.0,302,10882.782413
-785.0,299,10891.233429
-1002.0,291,10897.55341
-973.0,303,10904.30689
-982.0,299,10910.872286
-990.0,311,10917.826
-912.0,302,10924.416122
-1062.0,311,10931.310143
-854.0,301,10938.036417
-880.0,298,10953.205698
-1054.0,305,10959.867346
-856.0,297,10966.492312
-1059.0,303,10973.062762
-911.0,297,10979.646055
-951.0,299,10986.217024
-1022.0,295,10992.661963
-944.0,299,10999.395578
-871.0,296,11006.070758
-991.0,297,11014.529773
-967.0,303,11021.236619
-1011.0,299,11027.962267
-885.0,300,11034.515374
-1051.0,307,11041.353275
-934.0,300,11047.86409
-1101.0,298,11054.420456
-852.0,303,11061.256984
-948.0,313,11069.989895
-1031.0,306,11076.640355
-951.0,306,11083.547059
-1195.0,306,11090.295391
-880.0,303,11097.08043
-935.0,302,11103.620144
-940.0,308,11110.541773
-1092.0,311,11117.495208
-1101.0,309,11126.251318
-1080.0,309,11133.003137
-1048.0,306,11139.753872
-1132.0,305,11146.362514
-916.0,303,11153.071229
-888.0,305,11159.607796
-861.0,302,11166.216943
-980.0,301,11173.050149
-927.0,307,11181.641113
-904.0,303,11188.248369
-995.0,301,11194.910088
-872.0,299,11201.810499
-1176.0,307,11208.496673
-925.0,301,11215.065835
-837.0,305,11222.061503
-947.0,313,11228.951549
-1064.0,300,11235.495907
-950.0,300,11244.094522
-1070.0,305,11250.827214
-849.0,301,11257.429187
-966.0,303,11264.405205
-1113.0,309,11271.221879
-931.0,297,11277.953789
-948.0,305,11284.697152
-938.0,302,11291.354664
-917.0,303,11300.150983
-807.0,307,11306.999228
-1175.0,310,11313.920143
-800.0,308,11320.848849
-1022.0,300,11327.424073
-960.0,308,11334.421584
-921.0,302,11341.112489
-890.0,299,11347.588892
-1034.0,298,11363.077836
-957.0,304,11369.715678
-746.0,302,11376.435595
-966.0,307,11383.131516
-1109.0,302,11390.045771
-1095.0,302,11396.532364
-928.0,303,11403.231244
-1025.0,304,11410.099306
-1050.0,302,11418.587128
-975.0,305,11425.250341
-1122.0,308,11432.150818
-888.0,306,11438.902074
-875.0,307,11445.826405
-1030.0,302,11452.531163
-891.0,300,11459.279657
-1026.0,304,11466.024543
-1035.0,299,11474.668081
-1025.0,305,11481.255166
-1053.0,308,11487.881414
-875.0,305,11494.515818
-915.0,305,11501.482068
-1073.0,303,11508.28887
-852.0,298,11515.146409
-1131.0,309,11521.923928
-936.0,304,11528.570334
-1018.0,305,11537.337706
-997.0,303,11543.940776
-912.0,299,11550.39435
-997.0,302,11557.122355
-1030.0,300,11563.917629
-874.0,305,11570.609687
-1143.0,299,11577.355788
-844.0,297,11583.95409
-954.0,301,11592.682123
-1246.0,297,11599.199892
-954.0,309,11606.211486
-939.0,307,11612.903265
-926.0,297,11619.815979
-959.0,300,11626.824914
-955.0,302,11633.587367
-1028.0,301,11640.456283
-1112.0,300,11648.8397
-788.0,293,11655.442817
-928.0,293,11661.932592
-839.0,302,11668.666717
-984.0,301,11675.318689
-976.0,287,11681.835993
-955.0,306,11688.531834
-1173.0,299,11695.108341
-937.0,301,11702.04029
-1009.0,300,11710.804168
-900.0,300,11717.630081
-900.0,294,11724.07067
-849.0,294,11730.719477
-964.0,296,11737.400135
-884.0,299,11744.184782
-905.0,295,11750.867306
-1073.0,295,11757.454851
-921.0,292,11772.491623
-1047.0,301,11779.151824
-974.0,291,11785.772366
-1116.0,294,11792.33036
-927.0,295,11799.041595
-1038.0,295,11805.612841
-1025.0,297,11812.354729
-1057.0,294,11818.923483
-893.0,296,11825.624625
-1121.0,293,11834.038663
-896.0,296,11840.769248
-961.0,293,11847.486766
-1076.0,294,11854.127522
-948.0,288,11860.667564
-970.0,297,11867.437955
-1150.0,296,11874.277082
-868.0,295,11880.735635
-929.0,296,11889.121474
-904.0,290,11895.779829
-948.0,299,11902.358329
-1166.0,289,11909.032834
-1123.0,302,11915.6524
-824.0,300,11922.354804
-966.0,297,11928.922252
-967.0,301,11935.572155
-847.0,297,11942.317242
-855.0,290,11950.673511
-958.0,296,11957.269364
-749.0,296,11963.710163
-1031.0,293,11970.43258
-913.0,295,11976.856813
-885.0,293,11983.26327
-992.0,297,11990.040955
-897.0,291,11996.360405
-1272.0,294,12004.810004
-913.0,291,12011.297933
-1012.0,287,12017.83564
-1181.0,294,12024.40551
-896.0,285,12030.884928
-895.0,293,12037.490584
-818.0,288,12044.07908
-1049.0,293,12051.023383
-880.0,293,12057.602259
-1219.0,297,12066.189926
-1034.0,294,12072.815584
-916.0,294,12079.481217
-806.0,299,12086.00682
-950.0,303,12092.866124
-984.0,295,12099.482377
-990.0,291,12105.84882
-843.0,294,12112.545408
-838.0,287,12120.781753
-954.0,294,12127.314092
-990.0,291,12133.8223
-1016.0,289,12140.248926
-949.0,293,12147.060734
-964.0,293,12153.571472
-936.0,291,12160.170682
-1016.0,295,12166.922159
-873.0,289,12173.310052
-1009.0,297,12188.612176
-797.0,289,12194.979537
-974.0,290,12201.605445
-1023.0,291,12207.927675
-980.0,290,12214.45487
-932.0,289,12220.91486
-1016.0,297,12227.563725
-1054.0,293,12234.388624
-1047.0,290,12242.767789
-1003.0,287,12249.331785
-849.0,290,12255.766801
-866.0,288,12262.390459
-1023.0,284,12268.709599
-1001.0,282,12275.136944
-988.0,289,12281.590336
-1038.0,286,12288.026634
-898.0,287,12294.578374
-1165.0,300,12303.275148
-967.0,297,12309.853875
-903.0,298,12316.644838
-928.0,288,12323.025853
-942.0,289,12329.611966
-962.0,298,12336.201229
-916.0,291,12342.729043
-1068.0,294,12349.531556
-997.0,288,12357.897275
-805.0,286,12364.409762
-988.0,287,12370.930205
-1089.0,295,12377.580909
-997.0,289,12384.105108
-1161.0,288,12390.602427
-1116.0,295,12397.248388
-983.0,294,12403.914679
-881.0,286,12410.675619
-947.0,299,12419.239538
-853.0,290,12425.640969
-1189.0,299,12432.486124
-1022.0,288,12438.849392
-1013.0,297,12445.542175
-916.0,293,12452.026008
-916.0,286,12458.718458
-1026.0,305,12465.499077
-985.0,303,12472.312894
-871.0,289,12480.609391
-973.0,302,12487.481769
-1020.0,296,12493.9755
-1023.0,295,12500.472928
-853.0,297,12507.18135
-875.0,296,12513.942548
-955.0,297,12520.77396
-1079.0,301,12527.508379
-893.0,301,12536.126733
-945.0,300,12542.829665
-975.0,303,12549.704874
-938.0,297,12556.111456
-967.0,300,12562.779086
-996.0,296,12569.555461
-891.0,300,12576.204368
-917.0,301,12582.859322
-970.0,299,12598.20076
-755.0,296,12604.677327
-1029.0,300,12611.499336
-952.0,296,12618.132857
-906.0,305,12624.905098
-922.0,293,12631.301981
-1082.0,302,12638.215803
-990.0,298,12644.814783
-935.0,306,12651.693071
-951.0,295,12660.360635
-934.0,300,12666.894982
-901.0,298,12673.60893
-928.0,294,12680.263552
-941.0,299,12686.94584
-995.0,306,12693.951487
-902.0,300,12700.579401
-1035.0,297,12707.204247
-939.0,305,12716.026646
-859.0,298,12722.454087
-801.0,299,12728.980914
-998.0,308,12736.065312
-879.0,300,12742.756059
-971.0,306,12749.637463
-778.0,309,12756.479892
-885.0,305,12763.402398
-957.0,299,12772.221508
-855.0,305,12779.044349
-938.0,306,12785.940039
-1065.0,306,12792.843852
-1010.0,303,12799.678324
-902.0,301,12806.55406
-1005.0,307,12813.375102
-931.0,306,12820.10247
-948.0,303,12828.983072
-1021.0,303,12835.683591
-913.0,305,12842.552345
-929.0,300,12849.461535
-895.0,296,12856.043433
-1033.0,301,12862.925938
-894.0,303,12869.609856
-846.0,299,12876.354052
-1042.0,296,12883.111609
-1068.0,307,12891.715996
-998.0,306,12898.569157
-1034.0,300,12905.210429
-877.0,303,12912.039603
-1018.0,307,12918.898655
-867.0,303,12925.564696
-965.0,309,12932.557472
-937.0,303,12939.190547
-904.0,308,12947.887061
-976.0,296,12954.453123
-1208.0,296,12961.101054
-1017.0,306,12967.817228
-984.0,302,12974.654311
-872.0,297,12981.180099
-932.0,306,12987.946938
-892.0,294,12994.630354
-922.0,303,13010.098568
-1159.0,301,13016.818741
-822.0,297,13023.453925
-821.0,299,13030.046275
-1020.0,305,13036.92016
-948.0,302,13043.507291
-976.0,300,13050.08181
-1044.0,302,13056.986244
-1178.0,300,13063.787939
-969.0,305,13072.458173
-1090.0,299,13079.088207
-1031.0,309,13086.082345
-868.0,308,13092.95096
-1007.0,300,13099.76594
-1049.0,302,13106.438731
-996.0,312,13113.253448
-941.0,303,13120.056155
-1037.0,306,13128.735152
-1091.0,313,13135.849311
-1080.0,298,13142.386935
-959.0,300,13149.208078
-958.0,307,13156.046343
-1023.0,306,13162.733047
-987.0,303,13169.606835
-979.0,296,13176.167456
-989.0,295,13184.790359
-1023.0,303,13191.570243
-1086.0,289,13198.134726
-928.0,302,13204.827552
-941.0,300,13211.809994
-1079.0,300,13218.567557
-895.0,294,13225.159168
-941.0,296,13232.075675
-973.0,303,13240.777572
-1158.0,295,13247.418482
-1101.0,301,13254.097444
-1072.0,299,13260.882997
-1043.0,298,13267.715675
-931.0,293,13274.469904
-917.0,300,13281.1137
-1201.0,297,13287.689399
-1048.0,293,13294.400066
-933.0,301,13303.021657
-890.0,297,13309.615283
-1202.0,300,13316.399932
-883.0,296,13323.016743
-811.0,296,13329.838769
-948.0,301,13336.576117
-1062.0,305,13343.535357
-1022.0,305,13350.44825
-1016.0,299,13358.99523
-929.0,300,13365.758877
-1042.0,305,13372.579476
-981.0,289,13379.152814
-1127.0,291,13385.73753
-1068.0,292,13392.411718
-895.0,290,13398.855138
-758.0,291,13405.370453
-1012.0,295,13412.116597
-875.0,297,13427.496607
-1027.0,297,13434.481765
-1081.0,297,13441.128791
-1086.0,295,13447.887573
-1031.0,301,13454.53792
-882.0,302,13461.451455
-902.0,296,13467.97441
-1037.0,302,13474.708947
-949.0,299,13483.467128
-983.0,301,13490.145275
-985.0,307,13497.233088
-1036.0,299,13503.889569
-1025.0,305,13510.653458
-851.0,297,13517.488557
-953.0,301,13524.141467
-1021.0,295,13530.669201
-878.0,296,13539.230742
-913.0,303,13546.000518
-873.0,306,13553.174162
-919.0,302,13559.999865
-889.0,301,13567.045942
-847.0,306,13573.845302
-886.0,301,13580.525638
-1108.0,308,13587.461561
-872.0,296,13593.916127
-1065.0,307,13602.724085
-992.0,301,13609.265185
-1075.0,301,13616.158542
-979.0,309,13622.874215
-973.0,295,13629.523898
-873.0,302,13636.338835
-995.0,300,13643.148075
-960.0,299,13649.753236
-874.0,309,13658.518816
-827.0,303,13665.295343
-977.0,303,13671.947973
-848.0,300,13678.694314
-993.0,306,13685.379592
-887.0,301,13692.26396
-915.0,302,13699.009644
-973.0,301,13705.717459
-1191.0,309,13714.747719
-980.0,306,13721.54832
-1147.0,299,13728.430491
-887.0,312,13735.42624
-979.0,308,13742.292061
-929.0,308,13749.259609
-1004.0,302,13755.958577
-941.0,305,13762.932114
-1029.0,308,13771.730206
-898.0,301,13778.43529
-1003.0,301,13785.307317
-967.0,300,13791.940883
-951.0,308,13798.819617
-932.0,303,13805.494235
-890.0,303,13812.37899
-917.0,307,13819.153744
-864.0,305,13826.185544
-908.0,300,13841.741419
-979.0,309,13848.538856
-978.0,305,13855.467359
-975.0,302,13862.145797
-855.0,305,13868.865805
-910.0,307,13875.917082
-964.0,305,13882.680668
-886.0,306,13889.414638
-821.0,300,13898.088295
-959.0,305,13904.849459
-974.0,309,13911.931508
-909.0,307,13918.74316
-809.0,308,13925.697639
-1039.0,303,13932.667085
-980.0,305,13939.468877
-1038.0,309,13946.325644
-869.0,300,13955.04809
-851.0,303,13961.795781
-1079.0,306,13968.695984
-865.0,308,13975.429031
-1052.0,307,13982.37078
-905.0,308,13989.099397
-845.0,303,13995.942696
-987.0,308,14003.049907
-961.0,311,14011.803043
-901.0,302,14018.433764
-998.0,312,14025.570668
-950.0,303,14032.240277
-971.0,302,14039.137872
-844.0,299,14045.767573
-967.0,306,14052.883298
-1011.0,303,14059.763484
-1024.0,306,14068.475553
-977.0,297,14075.148292
-874.0,312,14082.135947
-858.0,306,14088.980877
-1022.0,314,14096.142904
-1051.0,306,14102.857243
-961.0,302,14109.517668
-1033.0,307,14116.640107
-1021.0,296,14123.234018
-878.0,306,14131.974841
-1022.0,314,14138.816549
-1061.0,313,14145.911353
-954.0,307,14152.783993
-977.0,312,14159.909149
-963.0,311,14166.868443
-1080.0,313,14173.811556
-969.0,312,14180.884978
-1156.0,313,14189.632449
-856.0,299,14196.390644
-1294.0,308,14203.180383
-1014.0,306,14210.100724
-1082.0,309,14216.889116
-1050.0,311,14223.988322
-1002.0,309,14231.150042
-893.0,314,14238.128169
-835.0,303,14253.509859
-979.0,309,14260.452765
-1000.0,312,14267.483592
-1005.0,313,14274.57446
-942.0,301,14281.233375
-820.0,301,14287.889732
-988.0,312,14295.118587
-858.0,312,14302.020003
-848.0,306,14310.764211
-970.0,312,14317.719915
-961.0,310,14324.7427
-1136.0,312,14331.578753
-1041.0,313,14338.768507
-889.0,309,14345.702586
-901.0,307,14352.711861
-927.0,306,14359.50207
-918.0,308,14368.283957
-1023.0,306,14375.058594
-924.0,306,14381.925732
-928.0,303,14388.600966
-1113.0,303,14395.44396
-1022.0,308,14402.210378
-916.0,308,14409.021711
-967.0,308,14416.027537
-987.0,309,14424.679824
-1042.0,305,14431.470981
-932.0,300,14438.204767
-1022.0,307,14444.98921
-820.0,309,14451.948552
-965.0,305,14458.550828
-879.0,309,14465.581237
-1008.0,307,14472.379508
-907.0,303,14481.071681
-1074.0,311,14487.95269
-1058.0,309,14494.931309
-948.0,311,14501.782909
-1100.0,309,14508.761954
-980.0,308,14515.588144
-943.0,306,14522.28193
-1042.0,303,14529.181805
-1106.0,305,14537.785349
-1014.0,313,14544.769712
-932.0,312,14551.581373
-1024.0,318,14558.752199
-879.0,305,14565.556134
-1091.0,310,14572.666698
-910.0,308,14579.494068
-1006.0,309,14586.287254
-969.0,309,14595.133675
-906.0,306,14601.880925
-804.0,313,14608.978425
-1007.0,313,14615.872904
-930.0,307,14622.711425
-880.0,308,14629.501906
-937.0,318,14636.533432
-908.0,307,14643.579963
-1004.0,309,14658.974164
-996.0,315,14666.186499
-972.0,311,14673.240457
-935.0,303,14679.988297
-941.0,302,14686.771772
-910.0,309,14693.545244
-931.0,309,14700.371891
-860.0,309,14707.421299
-843.0,308,14714.21405
-1005.0,308,14723.010102
-1157.0,313,14729.924021
-1063.0,319,14737.090142
-982.0,311,14744.014187
-908.0,311,14750.966908
-1036.0,317,14757.912896
-848.0,307,14764.929113
-969.0,307,14771.977762
-978.0,318,14780.901576
-877.0,315,14787.968678
-1051.0,309,14794.833244
-949.0,312,14801.917785
-1036.0,312,14808.754412
-910.0,311,14815.597043
-840.0,305,14822.474948
-1022.0,311,14829.317187
-927.0,313,14838.128223
-851.0,311,14844.921996
-909.0,309,14851.883613
-887.0,308,14858.84916
-980.0,308,14865.911146
-846.0,305,14872.668039
-866.0,312,14879.574595
-883.0,308,14886.59866
-895.0,305,14895.222944
-909.0,313,14902.270761
-907.0,312,14909.147282
-987.0,309,14916.192431
-1085.0,314,14923.121291
-771.0,308,14929.87983
-953.0,307,14936.897892
-1042.0,317,14943.993581
-920.0,315,14952.888393
-972.0,309,14959.759989
-972.0,310,14966.832805
-995.0,308,14973.623863
-1071.0,312,14980.668736
-951.0,319,14987.873485
-973.0,306,14994.782303
-974.0,311,15001.731324
-1144.0,312,15010.554408
-969.0,311,15017.335207
-841.0,308,15024.251814
-1015.0,312,15031.089278
-920.0,305,15037.888405
-831.0,311,15044.792112
-865.0,307,15051.548957
-857.0,308,15058.530259
-1100.0,317,15074.258394
-881.0,308,15081.155786
-919.0,309,15087.881036
-1080.0,311,15094.851265
-936.0,312,15101.74116
-1126.0,313,15108.809457
-814.0,306,15115.569907
-1152.0,308,15122.354332
-989.0,308,15131.242361
-1073.0,301,15138.001072
-945.0,309,15144.746525
-1101.0,303,15151.575712
-867.0,308,15158.375839
-1008.0,305,15165.351916
-999.0,307,15172.194256
-988.0,305,15178.969266
-850.0,312,15187.995075
-930.0,312,15194.943302
-970.0,313,15201.852443
-769.0,315,15208.895263
-986.0,308,15215.598402
-864.0,309,15222.619439
-1017.0,308,15229.433125
-964.0,309,15236.305861
-1043.0,314,15245.484965
-1004.0,306,15252.169855
-928.0,307,15258.966585
-1007.0,314,15266.022171
-892.0,308,15272.748754
-928.0,313,15279.773547
-997.0,309,15286.610953
-1005.0,317,15293.634207
-940.0,314,15302.756033
-973.0,303,15309.404399
-973.0,305,15316.252799
-968.0,311,15323.249858
-846.0,312,15330.165766
-956.0,311,15337.141212
-821.0,313,15343.932141
-1015.0,308,15350.961158
-965.0,312,15359.754851
-1090.0,311,15366.589463
-898.0,308,15373.51053
-933.0,308,15380.263145
-971.0,308,15387.189303
-1030.0,311,15394.03669
-971.0,312,15401.295426
-952.0,306,15408.048622
-957.0,311,15416.901716
-928.0,306,15423.854532
-938.0,305,15430.854456
-926.0,310,15437.738329
-986.0,305,15444.604891
-1012.0,307,15451.457102
-1008.0,308,15458.202777
-889.0,307,15465.201919
-1060.0,308,15480.64602
-1070.0,299,15487.328767
-1013.0,302,15494.130668
-979.0,306,15500.887444
-980.0,308,15507.872966
-945.0,301,15514.579885
-1084.0,309,15521.466579
-915.0,312,15528.499098
-988.0,303,15535.139829
-915.0,309,15543.917531
-851.0,306,15550.654325
-871.0,310,15557.610847
-1079.0,320,15564.659347
-1104.0,303,15571.432241
-982.0,305,15578.184628
-1208.0,311,15585.010148
-994.0,303,15591.877728
-945.0,303,15600.49901
-986.0,308,15607.49561
-725.0,307,15614.26897
-964.0,302,15621.186972
-1000.0,308,15627.970266
-748.0,305,15634.676265
-1005.0,309,15641.882236
-990.0,311,15648.698875
-981.0,307,15657.586122
-1112.0,306,15664.444209
-897.0,312,15671.374686
-975.0,302,15678.205551
-785.0,305,15685.226845
-901.0,305,15692.045589
-919.0,307,15699.092876
-1055.0,308,15705.856938
-1001.0,313,15714.811774
-1029.0,311,15721.694755
-1011.0,301,15728.603342
-808.0,305,15735.52226
-802.0,303,15742.19923
-946.0,311,15749.437148
-1043.0,305,15756.127905
-976.0,309,15763.317876
-901.0,310,15772.073669
-778.0,301,15778.801137
-960.0,307,15785.71552
-929.0,314,15792.666774
-1024.0,303,15799.62444
-977.0,311,15806.497491
-1031.0,302,15813.141868
-859.0,305,15820.18345
-1107.0,308,15828.910089
-1070.0,311,15835.887533
-906.0,303,15842.607709
-832.0,301,15849.517438
-860.0,303,15856.232011
-968.0,308,15863.322855
-1001.0,308,15870.256927
-809.0,306,15877.071126
-929.0,315,15892.869283
-955.0,300,15899.642746
-990.0,308,15906.486935
-841.0,307,15913.480367
-973.0,308,15920.371661
-955.0,309,15927.329257
-949.0,301,15934.230241
-955.0,312,15941.158677
-958.0,311,15948.171146
-930.0,315,15957.065287
-1037.0,306,15964.004743
-883.0,299,15970.824605
-854.0,305,15977.678012
-969.0,312,15984.790612
-947.0,311,15991.645473
-1041.0,301,15998.431964
-964.0,309,16005.517027
-1148.0,314,16014.348517
-992.0,300,16021.279688
-961.0,302,16027.958325
-1071.0,294,16034.368308
-823.0,295,16041.199718
-1068.0,302,16047.872065
-1072.0,300,16054.743615
-934.0,306,16061.651194
-1027.0,307,16070.350692
-855.0,307,16077.096691
-1070.0,308,16083.993841
-1063.0,303,16090.663097
-987.0,297,16097.33906
-906.0,303,16104.042058
-798.0,301,16110.621564
-1114.0,310,16117.675723
-809.0,303,16126.219962
-865.0,308,16133.113698
-1033.0,309,16139.840411
-913.0,312,16146.901977
-939.0,308,16153.743588
-1048.0,303,16160.56731
-808.0,306,16167.437423
-936.0,306,16174.160866
-1049.0,301,16182.890216
-865.0,294,16189.382187
-1151.0,309,16196.217752
-833.0,303,16203.211373
-989.0,311,16210.168662
-983.0,300,16217.092724
-987.0,304,16223.825248
-859.0,305,16230.649735
-958.0,306,16237.615632
-1026.0,302,16246.069244
-912.0,302,16252.822587
-973.0,309,16259.850405
-960.0,310,16266.905923
-943.0,306,16273.806842
-1049.0,305,16280.892173
-867.0,311,16287.763478
-965.0,305,16294.464747
-934.0,307,16310.050651
-1016.0,302,16316.784586
-959.0,311,16323.605912
-911.0,297,16330.611748
-1049.0,313,16337.468338
-955.0,317,16344.629503
-828.0,306,16351.257462
-1039.0,303,16357.946631
-942.0,307,16366.936164
-949.0,303,16373.610882
-898.0,302,16380.215695
-1010.0,308,16387.171731
-1041.0,311,16393.980586
-933.0,311,16400.989276
-1162.0,306,16407.774721
-875.0,306,16414.507375
-1029.0,312,16423.397365
-1078.0,313,16430.54058
-834.0,307,16437.451926
-975.0,307,16444.18314
-1016.0,307,16451.008892
-888.0,314,16458.099482
-1047.0,309,16464.886255
-958.0,313,16472.133567
-898.0,308,16480.678678
-1012.0,307,16487.447592
-1050.0,308,16494.43131
-1073.0,311,16501.258312
-883.0,307,16508.234931
-934.0,299,16514.894005
-953.0,307,16521.890226
-909.0,307,16528.714495
-1090.0,303,16537.485242
-908.0,303,16544.257719
-910.0,308,16551.162544
-830.0,303,16557.90492
-1170.0,312,16565.109093
-1033.0,315,16572.0661
-984.0,313,16579.052248
-901.0,306,16586.05961
-858.0,303,16594.591021
-759.0,305,16601.493948
-994.0,305,16608.334507
-854.0,308,16615.211808
-1016.0,309,16622.055636
-847.0,307,16629.067393
-972.0,311,16635.97346
-815.0,307,16642.763438
-898.0,314,16649.921104
-1040.0,309,16658.542006
-866.0,313,16665.711869
-989.0,312,16672.720038
-1014.0,307,16679.79764
-857.0,309,16686.789345
-1018.0,314,16693.780682
-1010.0,307,16700.782625
-940.0,297,16707.389278
-862.0,309,16722.984438
-981.0,308,16729.988659
-962.0,303,16736.729543
-947.0,307,16743.767941
-944.0,311,16750.705238
-889.0,299,16757.414947
-806.0,307,16764.48017
-921.0,313,16771.401714
-967.0,306,16780.033723
-1040.0,306,16786.701527
-703.0,302,16793.464542
-928.0,300,16800.043753
-912.0,306,16807.035311
-835.0,302,16813.65848
-904.0,302,16820.641073
-1035.0,302,16827.497914
-862.0,306,16836.321551
-1119.0,297,16842.964578
-941.0,306,16850.064948
-891.0,307,16856.857187
-987.0,307,16863.639389
-911.0,301,16870.540331
-845.0,303,16877.355222
-1012.0,300,16884.174353
-810.0,302,16892.711654
-847.0,309,16899.379976
-962.0,308,16906.334799
-925.0,305,16913.060796
-936.0,311,16920.112455
-1063.0,305,16926.929529
-746.0,308,16934.007761
-894.0,311,16940.837215
-1012.0,311,16949.526806
-878.0,309,16956.526246
-812.0,303,16963.552949
-1002.0,303,16970.213975
-1021.0,303,16977.01351
-1020.0,304,16983.721232
-891.0,307,16990.524006
-1027.0,309,16997.518637
-930.0,305,17004.271611
-1025.0,307,17013.060971
-939.0,307,17019.763103
-921.0,306,17026.612272
-1003.0,302,17033.360694
-780.0,299,17040.139333
-908.0,299,17046.819429
-938.0,302,17053.466669
-947.0,297,17060.516552
-1103.0,299,17069.099745
-945.0,297,17075.841805
-755.0,306,17082.745633
-981.0,311,17089.575385
-846.0,305,17096.457946
-1082.0,300,17103.219321
-877.0,296,17109.824204
-984.0,305,17116.701725
-946.0,306,17132.233171
-970.0,299,17139.021587
-984.0,305,17146.037631
-915.0,306,17152.751674
-943.0,303,17159.591796
-877.0,308,17166.51293
-1024.0,307,17173.255963
-983.0,303,17180.275955
-963.0,306,17188.956935
-978.0,305,17195.963228
-893.0,303,17202.650692
-975.0,297,17209.540831
-977.0,304,17216.207962
-999.0,303,17223.050761
-914.0,305,17229.831075
-854.0,302,17236.47965
-1120.0,307,17243.398763
-895.0,303,17251.908658
-833.0,300,17258.821881
-837.0,312,17265.753644
-975.0,303,17272.642406
-938.0,305,17279.252043
-925.0,308,17286.0743
-891.0,309,17293.259004
-915.0,308,17300.018241
-835.0,300,17308.606739
-901.0,308,17315.354578
-861.0,303,17322.227161
-822.0,301,17328.853598
-813.0,303,17335.742075
-967.0,302,17342.525967
-1023.0,302,17349.243006
-918.0,309,17356.278886
-987.0,307,17364.872042
-1000.0,312,17371.807763
-827.0,306,17378.850997
-1016.0,311,17385.717726
-923.0,303,17392.645965
-986.0,305,17399.324282
-1024.0,301,17406.157827
-933.0,312,17413.027003
