# buildings_simplified.csv -- one row per building, frame: SUMO local (m)
# name, cx, cy, sx, sy, sz, yaw_deg
bld_B352631869801063C0,     462.30,     516.88,   29.54,   28.09,  61.92,   -14.97
bld_B352701873301063C0,     471.39,     551.52,   29.80,   28.17,  62.75,   -14.95
bld_B352791876701063C0,     480.43,     585.83,   29.69,   26.83,  61.90,   -14.89
bld_B352821860601063C0,     486.81,     427.71,   15.70,    4.75,  21.31,   -14.01
bld_B352831861001063C0,     487.99,     432.32,   15.69,    4.78,  21.31,   -14.04
bld_B352871862202063C0,     491.36,     442.85,   19.02,   15.75,  19.30,    75.59
bld_B352881862101063C0,     493.86,     441.10,   17.05,    9.64,  61.17,    77.11
bld_B352931864201063C0,     500.38,     464.27,   19.55,   10.35,  61.07,    75.20
bld_B352941861601063C0,     495.32,     433.29,   15.75,    7.57,   6.90,    75.62
bld_B352951864102063C0,     499.07,     464.57,   27.36,   16.76,  14.68,    75.49
bld_B352951865901063C0,     502.12,     480.26,   17.94,    5.48,  20.90,   -14.56
bld_B352961866401063C0,     503.40,     484.95,   18.14,    4.32,  20.91,   -14.78
bld_B352981866801063C0,     504.58,     489.48,   18.20,    5.16,  20.92,   -15.11
bld_B352991867201063C0,     505.77,     494.00,   18.18,    4.32,  20.92,   -14.89
bld_B353001867701063C0,     507.06,     498.98,   18.12,    5.97,  21.46,   -14.90
bld_B353021860801063C0,     508.57,     428.43,   19.59,   12.29,  60.89,    74.87
bld_B353071862602063C0,     516.07,     447.28,   71.12,   21.26,  16.66,    75.69
bld_B353081870002063C0,     513.97,     522.50,   45.94,   16.52,  11.68,    75.26
bld_B353101870501063C0,     515.40,     524.41,   34.37,   14.69,  78.86,    75.60
bld_B353121864401063C0,     517.74,     465.18,   19.33,   13.82,  60.90,    75.24
bld_B353131873501063C0,     524.33,     555.43,   22.32,   14.03,  61.90,    68.75
bld_B353171873402063C0,     522.94,     555.56,   22.80,   16.28,  18.31,    74.80
bld_B353191867002063C0,     524.86,     492.39,   20.93,   18.23,  20.66,    75.45
bld_B353201866801063C0,     522.83,     491.52,   15.37,   10.45,  60.54,    75.45
bld_B353211875301063C0,     530.10,     574.84,   18.44,   12.27,  72.85,    75.24
bld_B353211875402063C0,     528.20,     576.12,   19.94,   16.70,  60.39,    75.22
bld_B353231868001063C0,     527.80,     502.54,   15.06,    6.38,  21.83,   -15.13
bld_B353261860602063C0,     536.08,     431.54,   18.56,   12.93,  18.54,    75.09
bld_B353261869701063C0,     532.00,     520.24,   22.29,   12.41,  62.10,    74.42
bld_B353261869902063C0,     532.63,     520.91,   34.25,   15.05,  13.35,    75.30
bld_B353311860901063C0,     537.86,     431.48,   17.41,    9.44,  59.70,    75.26
bld_B353311881001063C0,     539.92,     632.88,    4.79,    2.78,   7.07,   -12.73
bld_B353321862502063C0,     542.27,     451.19,   22.88,   14.52,  10.32,    74.84
bld_B353331872801063C0,     539.71,     546.26,   18.56,   12.55,  60.95,    74.14
bld_B353331872902063C0,     540.41,     549.46,   25.09,   15.89,   9.74,    75.23
bld_B353341882301063C0,     542.96,     644.62,    5.60,    4.66,   7.97,    75.42
bld_B353361862901063C0,     542.52,     450.99,   17.81,   11.75,  61.73,    74.74
bld_B353381874901063C0,     546.30,     572.53,   14.94,    9.00,  61.56,   -14.51
bld_B353381875002063C0,     546.12,     571.03,   19.58,   15.89,  10.61,    75.15
bld_B353401865501063C0,     548.63,     475.25,   18.21,   14.38,  77.38,    75.61
bld_B353431865402063C0,     548.72,     475.28,   18.45,   14.42,   8.93,    75.00
bld_B353441858402063C0,     553.62,     421.19,   47.63,   16.76,  19.92,    75.34
bld_B353451859001063C0,     552.80,     422.10,   31.78,   14.68,  78.89,    75.35
bld_B353461886201063C0,     555.84,     681.81,   70.21,   15.00,  29.75,    75.38
bld_B353481867602063C0,     554.95,     498.31,   29.78,   14.58,  10.12,    75.27
bld_B353481909101063C0,     563.19,     908.32,   32.01,   31.89,  92.20,   -78.71
bld_B353491915701063C0,     564.86,     970.37,   52.91,   37.74,  37.03,     8.65
bld_B353501867501063C0,     553.93,     497.42,   17.29,   12.03,  61.10,    75.14
bld_B353541863401063C0,     562.97,     454.97,   16.42,   12.06,  87.85,    75.56
bld_B353551870801063C0,     561.86,     527.82,   16.39,   12.29,  73.93,    75.64
bld_B353561904701063C0,     569.36,     865.39,   32.04,   31.98,  91.47,   -78.95
bld_B353571871202063C0,     564.04,     532.68,   27.19,   13.99,  15.34,    74.97
bld_B353591912501063C0,     574.13,     946.97,   20.38,   13.28,  34.70,     8.54
bld_B353611864202063C0,     562.49,     455.04,   22.61,   16.34,  17.48,    75.53
bld_B353611873002063C0,     568.82,     550.29,   13.98,    9.43,  12.58,   -15.07
bld_B353621865901063C0,     567.70,     479.18,   26.87,   14.75,  61.64,    75.32
bld_B353621865902063C0,     568.66,     479.04,   27.14,   16.74,  15.24,    75.22
bld_B353621873001063C0,     568.77,     550.28,   13.88,    9.38,  70.24,   -15.00
bld_B353621900601063C0,     576.26,     823.57,   32.14,   32.04,  91.47,   -84.16
bld_B353641874201063C0,     571.29,     561.91,   14.51,    9.87,  63.83,    75.17
bld_B353641874302063C0,     572.59,     564.39,   19.89,   13.97,  11.60,    75.12
bld_B353661867701063C0,     571.89,     496.85,   13.14,    9.37,  58.60,   -15.11
bld_B353661867702063C0,     573.52,     496.53,   16.46,    9.18,  19.13,   -14.95
bld_B353681868501063C0,     573.82,     505.78,   12.60,    9.03,  52.30,   -14.98
bld_B353681868602063C0,     575.76,     505.26,   16.63,    9.04,  20.23,   -14.96
bld_B353701869401063C0,     577.65,     513.75,   16.62,    8.66,  26.03,   -14.55
bld_B353721870201063C0,     580.00,     522.19,   16.15,    9.08,  26.03,   -14.26
bld_B353721886601063C0,     583.54,     674.56,   70.18,   44.35,  37.94,    75.28
bld_B353721912301063C0,     586.74,     944.86,    5.14,    4.02,   6.65,   -82.39
bld_B353731870901063C0,     581.72,     528.48,   16.43,    4.34,  27.83,   -14.94
bld_B353741871301063C0,     582.73,     532.50,   16.39,    4.16,  27.83,   -14.27
bld_B353751871701063C0,     584.19,     536.56,   17.13,    4.83,  27.08,   -14.96
bld_B353771872101063C0,     585.30,     540.97,   17.30,    4.50,  27.08,   -14.83
bld_B353781872501063C0,     586.41,     545.12,   17.30,    4.42,  26.95,   -14.84
bld_B353791872901063C0,     587.58,     549.24,   17.15,    4.17,  26.77,   -15.01
bld_B353801873401063C0,     588.36,     553.33,   16.22,    4.73,  26.36,   -15.38
bld_B353811860201063C0,     585.42,     422.55,   13.38,    5.38,  25.45,   -14.57
bld_B353811873801063C0,     589.53,     557.71,   16.22,    4.35,  26.36,   -15.31
bld_B353811902602063C0,     611.76,     871.17,  118.18,  116.08,  13.11,   -81.46
bld_B353831862301063C0,     589.71,     442.29,   22.53,   16.28,  19.25,    76.03
bld_B353831874401063C0,     591.39,     564.72,   17.67,   10.71,  39.16,   -14.89
bld_B353841895601063C0,     601.79,     771.95,   48.09,   25.62,  20.48,   -81.78
bld_B353881909701063C0,     603.93,     913.81,   32.03,   32.01,  92.48,   -84.44
bld_B353891863501063C0,     594.49,     455.15,   16.34,    5.51,  22.05,   -14.42
bld_B353901864001063C0,     595.72,     460.14,   16.17,    5.29,  20.91,   -14.65
bld_B353901916901063C0,     604.36,     989.47,   27.44,   12.31,  34.25,     8.50
bld_B353921864701063C0,     597.80,     467.68,   12.73,   10.64,  26.47,   -14.71
bld_B353941865601063C0,     599.36,     475.16,   13.56,    5.43,  27.11,   -15.20
bld_B353961866001063C0,     600.65,     480.10,   13.47,    5.07,  27.10,   -15.06
bld_B353971866501063C0,     602.18,     484.89,   12.99,    5.27,  27.79,   -15.54
bld_B353981867001063C0,     603.61,     490.18,   12.92,    5.95,  26.43,   -14.56
bld_B353991861101063C0,     606.09,     430.49,   15.61,    6.09,  26.55,   -14.48
bld_B354011861701063C0,     607.63,     436.01,   15.42,    5.42,  26.56,   -14.85
bld_B354011862201063C0,     608.50,     440.96,   16.41,    5.26,  34.70,   -15.39
bld_B354011868401063C0,     606.23,     503.42,   17.78,    6.61,  19.29,   -13.35
bld_B354021862701063C0,     609.76,     445.88,   16.38,    5.13,  34.70,   -14.64
bld_B354031868801063C0,     608.25,     508.42,   13.77,    5.26,  27.00,   -14.81
bld_B354031869401063C0,     610.01,     513.42,   14.60,    5.32,  27.01,   -14.83
bld_B354041863101063C0,     611.15,     450.59,   16.02,    5.02,  27.32,   -14.85
bld_B354041869801063C0,     610.89,     518.34,   15.55,    4.92,  22.59,   -14.97
bld_B354051863701063C0,     612.52,     455.65,   16.50,    5.48,  27.33,   -14.85
bld_B354051870301063C0,     612.21,     523.24,   15.58,    5.25,  22.58,   -14.95
bld_B354061864101063C0,     613.41,     460.78,   15.59,    5.38,  36.18,   -14.82
bld_B354071864701063C0,     614.72,     465.91,   15.68,    5.26,  36.17,   -15.09
bld_B354071884601063C0,     613.28,     666.70,   70.19,   25.20,  41.42,    75.23
bld_B354081870801063C0,     613.55,     528.09,   15.64,    5.25,  21.01,   -14.78
bld_B354091871301063C0,     614.88,     533.07,   15.59,    5.36,  20.88,   -15.07
bld_B354101865202063C0,     616.11,     470.73,   15.47,    5.01,   8.16,   -14.04
bld_B354111865101063C0,     617.01,     470.51,    9.94,    4.96,  24.69,   -14.29
bld_B354111865701063C0,     617.24,     475.43,   15.01,    5.16,  26.89,   -15.27
bld_B354111866401063C0,     619.49,     482.89,   15.80,   10.64,  37.69,   -14.02
bld_B354111871801063C0,     615.79,     537.97,   13.60,    5.69,  26.84,   -14.78
bld_B354121914601063C0,     603.42,     974.37,   60.86,   41.81,  32.40,     8.93
bld_B354171868301063C0,     624.26,     501.56,   16.49,   11.45,  35.76,   -15.12
bld_B354171875201063C0,     624.21,     570.90,   17.26,    6.91,  18.75,   -15.22
bld_B354191869001063C0,     626.55,     509.35,   16.02,    5.49,  28.75,   -15.01
bld_B354191875701063C0,     626.33,     576.28,   14.34,    5.42,  27.30,   -15.06
bld_B354201869501063C0,     627.95,     514.44,   15.92,    5.09,  28.75,   -15.03
bld_B354211870001063C0,     628.74,     519.26,   15.89,    5.54,  27.06,   -14.64
bld_B354211876801063C0,     630.42,     587.62,   18.74,   11.97,  60.60,    74.84
bld_B354221870501063C0,     630.19,     524.20,   15.63,    4.88,  27.06,   -15.05
bld_B354221873001063C0,     628.60,     549.57,   27.63,   17.37,  17.25,   -14.74
bld_B354221876802063C0,     629.67,     587.72,   18.91,   13.62,  10.49,    75.46
bld_B354241871101063C0,     631.85,     528.78,   16.41,    5.36,  34.02,   -15.50
bld_B354251871501063C0,     633.18,     533.83,   16.24,    5.10,  34.02,   -15.51
bld_B354281879101063C0,     636.61,     610.50,   19.44,   11.45,  94.06,    75.45
bld_B354281879102063C0,     636.48,     610.00,   27.72,   11.52,  21.34,    75.16
bld_B354301860401063C0,     633.88,     423.95,   15.26,    5.08,  35.97,   -14.93
bld_B354311860901063C0,     635.19,     428.82,   15.30,    5.11,  36.76,   -14.92
bld_B354311875301063C0,     643.15,     570.48,   15.73,    3.72,  34.02,   -15.09
bld_B354321861501063C0,     636.56,     433.87,   15.36,    5.43,  39.21,   -14.72
bld_B354321861901063C0,     637.90,     438.90,   15.43,    5.07,  36.60,   -14.38
bld_B354331876201063C0,     645.31,     578.59,   15.68,    4.21,  33.94,   -15.08
bld_B354331895601063C0,     640.68,     773.52,   57.47,   45.66,  20.40,   -81.46
bld_B354331900501063C0,     635.57,     830.60,   81.11,   26.94,  92.42,     9.49
bld_B354341881802063C0,     642.38,     637.43,   12.33,    5.34,  11.75,   -15.02
bld_B354361863401063C0,     642.30,     453.44,   14.69,    9.83,  61.05,    75.74
bld_B354371863402063C0,     641.77,     453.30,   26.08,   15.42,  11.64,    74.21
bld_B354371874801063C0,     641.94,     566.18,   15.67,    5.37,  34.03,   -15.61
bld_B354371876401063C0,     647.15,     582.56,   14.08,    4.45,  33.94,   -15.00
bld_B354391875601063C0,     644.06,     574.45,   16.05,    4.44,  32.56,   -15.06
bld_B354391883602063C0,     647.41,     655.28,   32.90,   12.87,  16.46,    75.09
bld_B354401864901063C0,     644.32,     468.66,   12.07,    5.61,  26.71,   -14.59
bld_B354401877502063C0,     648.89,     593.22,   17.95,   14.94,  17.81,    75.27
bld_B354411865401063C0,     646.98,     473.12,   14.74,    5.41,  26.72,   -14.94
bld_B354411877401063C0,     649.30,     593.11,   12.62,   10.07,  67.35,    75.77
bld_B354411884001063C0,     648.63,     656.88,   21.09,   11.31,  70.50,    75.15
bld_B354421879101063C0,     654.12,     608.25,   14.08,    4.57,  37.94,   -15.06
bld_B354431865901063C0,     648.46,     478.66,   14.69,    6.40,  27.45,   -13.90
bld_B354431878501063C0,     652.88,     603.63,   14.13,    4.99,  37.33,   -15.06
bld_B354431880001063C0,     655.64,     617.74,   15.46,    5.91,  37.95,   -14.77
bld_B354431914901063C0,     668.35,     982.24,   45.65,   33.68,  27.41,   -80.99
bld_B354441860101063C0,     651.65,     419.26,   15.86,    5.29,  28.82,   -14.88
bld_B354441913801063C0,     659.30,     957.45,    8.37,    7.97,   8.92,   -80.89
bld_B354451860601063C0,     654.36,     423.91,   12.29,    5.13,  27.60,   -14.67
bld_B354461867301063C0,     653.04,     491.51,   16.52,    5.52,  26.62,   -15.37
bld_B354461886502063C0,     656.17,     684.05,   27.53,   12.05,  10.49,    75.36
bld_B354471861101063C0,     654.02,     429.24,   15.47,    5.53,  26.92,   -14.22
bld_B354471879401063C0,     654.33,     612.78,   15.50,    4.37,  37.94,   -14.75
bld_B354471886901063C0,     657.12,     686.18,   15.84,   11.28,  61.62,    75.08
bld_B354481868301063C0,     656.20,     505.34,   12.75,   10.04,  67.18,    75.74
bld_B354481881601063C0,     658.70,     638.95,   15.27,   13.35,  53.21,    75.03
bld_B354491861601063C0,     655.25,     434.09,   15.58,    5.40,  26.76,   -14.30
bld_B354501862101063C0,     656.34,     439.01,   15.12,    4.98,  32.78,   -15.16
bld_B354501868502063C0,     655.71,     504.17,   20.98,   15.04,  13.29,    75.20
bld_B354501882002063C0,     659.30,     638.84,   15.49,   14.31,  17.60,    75.06
bld_B354521862501063C0,     657.68,     444.03,   15.09,    5.48,  32.79,   -14.93
bld_B354521869801063C0,     658.58,     516.80,   14.20,    6.01,  27.42,   -14.72
bld_B354531870301063C0,     659.94,     521.90,   14.20,    4.56,  27.42,   -14.74
bld_B354541863001063C0,     659.65,     448.74,   16.48,    5.22,  22.02,   -14.93
bld_B354541907601063C0,     667.54,     894.95,   69.25,   19.28,  20.87,   -81.48
bld_B354551884101063C0,     665.10,     660.21,   17.68,   10.81,  60.46,    75.29
bld_B354561864401063C0,     663.15,     464.06,   26.70,   15.98,  35.53,    75.50
bld_B354561870901063C0,     662.70,     528.92,   14.48,   11.05,  18.69,   -14.32
bld_B354561884102063C0,     666.37,     661.09,   27.60,   13.22,  16.18,    74.51
bld_B354581872201063C0,     665.36,     541.50,   16.18,   14.61,  36.25,    75.14
bld_B354601887001063C0,     670.66,     686.91,   14.52,    9.90,  61.97,    75.27
bld_B354611866901063C0,     669.16,     486.85,   15.99,    6.08,  27.55,   -14.43
bld_B354621874101063C0,     666.27,     560.56,    7.85,    4.77,  36.91,   -15.10
bld_B354621886502063C0,     672.31,     684.47,   21.05,   14.82,  11.31,    75.40
bld_B354631867401063C0,     670.37,     492.21,   16.31,    5.10,  27.55,   -14.45
bld_B354641867901063C0,     671.79,     497.11,   15.34,    5.25,  32.63,   -14.93
bld_B354641874601063C0,     671.05,     564.62,   15.15,    5.59,  36.91,   -15.10
bld_B354641894901063C0,     674.80,     767.46,   17.77,    5.63,   9.95,    75.42
bld_B354651868401063C0,     673.07,     502.28,   15.46,    5.40,  32.63,   -14.94
bld_B354651896101063C0,     678.07,     778.34,    7.67,    5.13,   8.20,     2.66
bld_B354661874101063C0,     673.03,     557.96,    6.78,    6.28,  36.91,   -15.25
bld_B354661875101063C0,     672.10,     569.76,   14.60,    5.29,  35.25,   -14.91
bld_B354671875601063C0,     673.43,     574.79,   14.62,    5.13,  35.25,   -14.92
bld_B354681910101063C0,     686.63,     920.61,   20.65,    5.12,  35.79,     9.15
bld_B354681911501063C0,     684.91,     934.30,   20.87,    5.20,  27.92,     7.92
bld_B354681911901063C0,     683.83,     940.05,   21.13,    7.46,  26.47,     8.51
bld_B354691876001063C0,     674.68,     579.72,   14.48,    5.53,  27.44,   -14.92
bld_B354701876501063C0,     675.96,     584.24,   14.59,    3.88,  27.44,   -14.92
bld_B354701911101063C0,     684.81,     929.85,   21.32,    4.64,  26.87,     8.59
bld_B354711876901063C0,     677.09,     588.50,   14.65,    5.08,  27.39,   -15.11
bld_B354711910601063C0,     685.51,     925.21,   21.31,    4.79,  26.87,     8.71
bld_B354721877401063C0,     678.13,     592.81,   14.43,    3.86,  27.39,   -14.92
bld_B354731871401063C0,     680.67,     531.70,   15.43,    5.45,  26.72,   -14.59
bld_B354731908701063C0,     689.19,     906.93,   20.74,    4.90,  26.57,     8.75
bld_B354731909201063C0,     688.28,     911.63,   20.35,    5.11,  32.36,     8.81
bld_B354741878502063C0,     681.43,     603.71,   19.19,   13.66,   9.81,    75.08
bld_B354741908301063C0,     690.01,     902.66,   21.12,    4.56,  35.22,     8.74
bld_B354751872201063C0,     682.23,     539.35,   14.42,   10.35,  26.72,   -14.84
bld_B354751878501063C0,     680.84,     603.26,   18.02,    9.46,  61.01,    74.94
bld_B354751907101063C0,     689.31,     889.23,   12.34,   10.10,  77.50,   -81.32
bld_B354751907901063C0,     690.71,     898.09,   21.13,    4.70,  35.22,     8.73
bld_B354761909801063C0,     688.22,     915.60,   19.16,    5.50,  35.79,     8.73
bld_B354771861801063C0,     682.95,     434.92,   13.67,   10.82,  56.69,    74.63
bld_B354771861802063C0,     684.52,     434.48,   14.15,   13.66,   8.10,   -15.34
bld_B354771906101063C0,     693.49,     879.97,   20.73,    4.39,  35.28,     8.55
bld_B354771907002063C0,     691.69,     888.86,   20.47,   14.05,  19.84,     8.89
bld_B354791873701063C0,     687.36,     554.61,   15.49,    6.25,  25.58,   -14.55
bld_B354791874301063C0,     688.71,     560.15,   15.65,    5.24,  25.57,   -14.49
bld_B354791905601063C0,     694.22,     875.28,   20.75,    5.16,  35.28,     8.45
bld_B354801862601063C0,     686.01,     443.64,   16.12,    4.80,  27.51,   -15.34
bld_B354801874701063C0,     689.43,     565.43,   16.12,    6.28,  33.10,   -15.38
bld_B354821863101063C0,     686.77,     448.38,   15.15,    4.86,  27.51,   -14.93
bld_B354821875301063C0,     690.83,     570.71,   16.15,    4.82,  33.10,   -14.78
bld_B354821904701063C0,     695.64,     865.99,   20.80,    5.05,  27.38,     8.02
bld_B354821905201063C0,     694.93,     870.61,   20.74,    4.56,  27.38,     8.82
bld_B354831863501063C0,     687.59,     452.93,   14.40,    5.13,  32.35,   -14.81
bld_B354831875701063C0,     691.94,     574.81,   15.78,    4.75,  26.23,   -14.90
bld_B354831903401063C0,     695.43,     851.86,   23.49,   16.02,  85.77,   -80.79
bld_B354831903402063C0,     696.38,     851.97,   23.50,   21.72,  14.05,   -81.32
bld_B354841861501063C0,     689.15,     431.99,    2.79,    2.73,   9.26,   -15.33
bld_B354841863901063C0,     688.75,     457.50,   14.27,    5.51,  31.08,   -14.84
bld_B354841876101063C0,     693.08,     579.38,   15.86,    4.68,  26.23,   -14.90
bld_B354841896101063C0,     692.74,     781.23,   65.15,   27.81,  43.78,    72.62
bld_B354851876601063C0,     694.15,     583.71,   15.96,    4.28,  24.32,   -14.97
bld_B354861864401063C0,     690.64,     461.99,   15.73,    4.99,  31.00,   -15.15
bld_B354861877001063C0,     695.21,     587.98,   16.05,    4.58,  24.32,   -15.00
bld_B354861901601063C0,     699.76,     833.87,   16.08,   10.51,  82.03,     8.67
bld_B354861901602063C0,     700.40,     832.94,   20.37,   16.09,  10.93,     9.08
bld_B354881864901063C0,     691.87,     466.36,   15.87,    5.88,  32.61,   -14.55
bld_B354891886201063C0,     699.54,     678.70,   10.26,    7.68,  17.07,    75.26
bld_B354901860001063C0,     697.11,     417.69,   13.32,    4.46,  27.32,   -14.67
bld_B354911866401063C0,     695.95,     482.50,   15.19,   11.05,  26.44,   -14.34
bld_B354911877901063C0,     698.31,     599.23,   19.30,   15.86,  35.85,    75.37
bld_B354911918001063C0,     707.61,     998.97,   17.70,    5.89,  26.79,     8.48
bld_B354921860401063C0,     698.26,     422.09,   13.39,    4.66,  27.31,   -14.57
bld_B354921860901063C0,     698.26,     426.81,   10.89,    4.77,  10.34,   -14.64
bld_B354921867301063C0,     697.68,     489.70,   15.45,    5.07,  27.45,   -14.93
bld_B354921917601063C0,     707.15,     994.48,   15.39,    3.29,  25.34,     9.07
bld_B354931867601063C0,     698.90,     494.42,   15.42,    4.72,  27.45,   -14.85
bld_B354931917101063C0,     707.79,     990.28,   15.35,    5.27,  26.43,     8.85
bld_B354941861501063C0,     701.41,     431.59,   11.88,    6.84,  38.49,   -14.88
bld_B354941868101063C0,     700.87,     498.52,   16.18,    4.98,  26.38,   -14.69
bld_B354941883401063C0,     704.72,     653.28,   60.56,   30.64,  21.30,    75.25
bld_B354941916201063C0,     709.44,     980.86,   15.79,    4.81,  26.42,     7.86
bld_B354941916701063C0,     708.54,     985.35,   15.32,    4.73,  25.32,     8.88
bld_B354951915701063C0,     710.26,     976.22,   15.99,    5.02,  26.42,     7.77
bld_B354961862001063C0,     703.14,     438.07,   11.89,    6.60,  38.50,   -14.89
bld_B354961868501063C0,     701.35,     503.25,   14.76,    4.66,  26.38,   -14.64
bld_B354961869001063C0,     702.49,     507.74,   14.73,    4.60,  26.43,   -14.62
bld_B354961915301063C0,     710.95,     971.45,   15.88,    4.89,  27.01,     8.78
bld_B354971862701063C0,     704.31,     446.17,   12.43,   10.32,  53.73,   -14.39
bld_B354971914901063C0,     711.35,     967.13,   15.48,    5.04,  26.43,     8.48
bld_B354981869501063C0,     703.75,     512.04,   15.06,    4.48,  26.43,   -15.07
bld_B354981869901063C0,     704.70,     516.57,   15.39,    4.89,  26.81,   -14.70
bld_B354981913901063C0,     713.26,     957.87,   16.51,    5.28,  28.29,     9.63
bld_B354981914401063C0,     711.98,     962.35,   15.38,    4.62,  26.43,     8.48
bld_B354991870401063C0,     705.82,     521.27,   15.33,    4.79,  26.80,   -14.68
bld_B355001863901063C0,     707.04,     457.66,   15.54,   12.75,  26.75,    75.92
bld_B355001870801063C0,     707.02,     525.87,   15.28,    4.85,  27.41,   -15.18
bld_B355011912701063C0,     715.05,     944.45,   15.38,    4.66,  28.65,     8.77
bld_B355021871201063C0,     707.47,     530.64,   13.64,    4.62,  27.41,   -14.96
bld_B355021912201063C0,     715.86,     939.68,   15.50,    5.02,  28.64,     8.75
bld_B355031871701063C0,     709.51,     534.84,   14.55,    5.25,  26.76,   -14.70
bld_B355041911401063C0,     717.30,     930.50,   15.51,   14.06,  38.77,     8.98
bld_B355041919701063C0,     721.65,    1014.44,   14.93,    6.10,  36.66,     8.92
bld_B355051873701063C0,     714.23,     553.26,   15.85,    3.24,  37.71,   -15.05
bld_B355071909601063C0,     720.44,     911.87,   24.07,   14.69,  26.42,   -81.24
bld_B355091874401063C0,     716.84,     562.64,   15.49,    4.34,  34.83,   -15.01
bld_B355091906501063C0,     725.31,     885.18,   16.16,    6.71,  32.63,     8.64
bld_B355101873101063C0,     713.22,     548.57,   15.70,    6.36,  34.84,   -15.06
bld_B355111868901063C0,     719.23,     505.70,   16.17,    5.04,  28.08,   -14.79
bld_B355111874801063C0,     717.59,     565.97,   15.65,    4.49,  26.41,   -14.46
bld_B355121868301063C0,     718.99,     501.07,    2.92,    1.80,   7.60,    29.99
bld_B355121874001063C0,     715.39,     557.71,   15.86,    5.96,  37.72,   -15.05
bld_B355121875301063C0,     718.46,     570.53,   16.30,    4.90,  26.40,   -15.05
bld_B355121916101063C0,     729.83,     979.38,   17.15,    5.13,  21.60,     8.47
bld_B355131869301063C0,     721.03,     510.91,   15.36,    5.98,  28.07,   -14.86
bld_B355131875701063C0,     719.89,     574.63,   15.57,    4.97,  27.50,   -15.05
bld_B355131915601063C0,     730.64,     974.40,   17.00,    4.97,  21.73,     8.45
bld_B355141876201063C0,     720.98,     579.35,   15.70,    4.70,  27.50,   -15.05
bld_B355141906101063C0,     726.15,     879.62,   16.13,    4.54,  33.00,     8.65
bld_B355141914301063C0,     730.89,     960.09,   16.69,    5.59,  21.95,     9.07
bld_B355141914701063C0,     730.03,     965.21,   16.73,    5.22,  21.95,     7.61
bld_B355141915101063C0,     729.68,     969.74,   14.56,    4.59,  21.78,     8.25
bld_B355151869801063C0,     722.49,     515.85,   14.40,    4.45,  27.52,   -15.30
bld_B355151876601063C0,     722.11,     583.75,   15.70,    4.41,  25.04,   -15.06
bld_B355151905701063C0,     726.83,     875.10,   16.14,    4.63,  33.14,     8.72
bld_B355161870301063C0,     723.35,     520.80,   15.25,    5.66,  27.52,   -15.00
bld_B355161905301063C0,     727.51,     870.63,   16.15,    4.50,  32.62,     8.77
bld_B355161913001063C0,     732.10,     947.90,   15.03,    4.83,  24.47,     9.13
bld_B355171871001063C0,     723.65,     528.52,   10.39,    9.91,  50.94,    75.54
bld_B355171871102063C0,     725.39,     528.52,   13.31,   11.29,  22.18,   -14.58
bld_B355171877001063C0,     723.22,     587.99,   15.74,    4.38,  25.04,   -15.03
bld_B355171877401063C0,     724.26,     592.32,   15.54,    4.93,  27.34,   -15.05
bld_B355171877901063C0,     725.55,     597.05,   15.32,    4.90,  26.06,   -15.06
bld_B355171904401063C0,     729.72,     861.36,   17.75,    5.45,  31.84,     8.84
bld_B355171904801063C0,     728.19,     866.17,   16.16,    4.54,  31.18,     8.75
bld_B355171911601063C0,     734.30,     933.63,   15.27,    5.78,  28.36,     8.77
bld_B355171912001063C0,     733.42,     939.16,   15.25,    5.42,  28.36,     8.74
bld_B355181903101063C0,     732.61,     844.48,   29.15,   19.65,  31.82,   -81.36
bld_B355181912501063C0,     732.89,     942.98,   15.07,    5.27,  25.75,     8.64
bld_B355191878401063C0,     727.09,     602.97,   15.43,    7.33,  26.06,   -15.06
bld_B355201872801063C0,     729.80,     543.83,   13.97,    6.20,  27.78,   -15.36
bld_B355211873201063C0,     731.18,     548.76,   13.90,    4.21,  25.99,   -15.35
bld_B355211910101063C0,     736.62,     917.80,   20.93,   10.86,  82.43,   -81.09
bld_B355221873601063C0,     732.21,     552.82,   13.99,    4.18,  25.99,   -15.33
bld_B355221910102063C0,     736.81,     916.62,   29.10,   14.36,  15.87,   -81.26
bld_B355231860501063C0,     727.40,     421.62,   15.86,    5.57,  36.29,   -14.71
bld_B355231874101063C0,     733.20,     557.31,   14.17,    5.26,  26.64,   -15.36
bld_B355231880601063C0,     732.50,     623.18,   25.35,   16.21,  34.98,    75.59
bld_B355241874501063C0,     734.39,     561.84,   14.14,    4.28,  26.64,   -14.46
bld_B355251859901063C0,     726.30,     417.45,   15.86,    4.34,  36.30,   -14.80
bld_B355251860901063C0,     728.58,     426.13,   15.87,    4.59,  36.27,   -14.91
bld_B355251861301063C0,     729.63,     430.14,   15.87,    4.45,  33.96,   -14.91
bld_B355251874901063C0,     735.78,     566.13,   13.76,    4.80,  30.57,   -14.63
bld_B355261861701063C0,     730.73,     434.30,   15.89,    4.24,  33.96,   -15.20
bld_B355261875401063C0,     736.70,     570.65,   14.30,    4.54,  30.57,   -15.35
bld_B355261881901063C0,     736.12,     636.85,   15.77,    4.57,  26.92,   -14.92
bld_B355271862201063C0,     731.79,     438.30,   15.88,    4.24,  33.95,   -15.00
bld_B355271882401063C0,     737.23,     641.19,   15.66,    4.40,  26.92,   -14.94
bld_B355271906901063C0,     742.70,     887.29,   13.44,    6.15,  27.77,     8.72
bld_B355281862601063C0,     732.94,     442.71,   15.87,    4.90,  33.96,   -14.96
bld_B355281875801063C0,     737.45,     574.97,   13.52,    5.25,  27.91,   -14.81
bld_B355281906101063C0,     743.74,     877.68,   14.49,   12.49,  51.76,   -81.78
bld_B355291876201063C0,     738.77,     579.40,   13.29,    4.13,  27.91,   -15.37
bld_B355291882901063C0,     738.46,     646.24,   15.67,    6.01,  34.27,   -14.93
bld_B355291898901063C0,     743.40,     804.88,   32.95,   15.94,  31.93,     8.96
bld_B355291905001063C0,     744.80,     868.61,   12.03,    4.35,  27.31,     9.34
bld_B355301863001063C0,     733.89,     447.02,   16.27,    4.49,  33.22,   -15.22
bld_B355301863401063C0,     735.05,     451.29,   16.18,    4.38,  33.22,   -15.15
bld_B355301876701063C0,     740.05,     583.47,   13.68,    4.77,  27.81,   -15.33
bld_B355301883301063C0,     739.42,     650.67,   15.82,    3.95,  34.27,   -14.93
bld_B355301904601063C0,     745.49,     864.07,   11.97,    4.99,  27.31,     8.64
bld_B355311883801063C0,     740.19,     654.72,   13.32,    4.57,  21.29,   -14.88
bld_B355321863801063C0,     736.29,     455.84,   16.14,    6.59,  33.62,   -14.37
bld_B355321877101063C0,     741.20,     587.98,   13.72,    4.65,  27.84,   -14.90
bld_B355321877601063C0,     742.24,     592.13,   13.86,    4.92,  28.37,   -15.34
bld_B355321904201063C0,     746.53,     859.67,   12.01,    5.36,  22.05,     9.23
bld_B355331865201063C0,     739.61,     467.44,   16.09,    6.84,  29.41,   -15.31
bld_B355331866101063C0,     742.43,     477.34,   16.10,    4.63,  28.25,   -14.87
bld_B355331884902063C0,     743.27,     667.41,   21.78,   12.38,  19.96,    75.04
bld_B355331903701063C0,     746.96,     855.33,   12.60,    4.13,  27.42,     8.08
bld_B355341878001063C0,     743.60,     597.30,   13.91,    5.78,  28.36,   -15.38
bld_B355341903301063C0,     747.73,     850.50,   12.59,    5.64,  27.42,     8.10
bld_B355351865601063C0,     741.18,     473.06,   16.03,    4.83,  27.49,   -15.25
bld_B355351884701063C0,     743.13,     664.56,   13.08,   11.06,  58.89,    74.90
bld_B355351901901063C0,     751.08,     836.92,   10.05,    4.78,  27.67,     8.37
bld_B355351902601063C0,     748.20,     843.41,   11.10,    9.02,   9.93,     8.38
bld_B355361879301063C0,     747.02,     610.49,   13.42,    5.16,  28.59,   -14.98
bld_B355361902002063C0,     750.01,     836.03,   12.45,    6.28,  10.60,     8.32
bld_B355371860101063C0,     745.36,     417.19,   16.45,    4.43,  28.02,   -14.92
bld_B355381879801063C0,     748.42,     614.89,   14.07,    4.79,  29.08,   -14.80
bld_B355391860501063C0,     746.42,     421.22,   16.42,    4.60,  27.94,   -14.93
bld_B355391866701063C0,     744.25,     483.56,   16.20,    8.84,  28.33,   -14.32
bld_B355391867201063C0,     745.85,     489.84,   15.81,    4.60,  28.45,   -15.15
bld_B355391880301063C0,     749.54,     619.43,   14.25,    4.57,  29.09,   -14.82
bld_B355391880701063C0,     751.13,     623.77,   10.88,    4.85,  36.30,   -14.79
bld_B355391918401063C0,     755.04,    1002.44,   12.49,   10.96,  58.76,   -81.25
bld_B355391918402063C0,     754.00,    1001.66,   16.04,   14.09,  10.33,     9.26
bld_B355401860901063C0,     747.59,     425.59,   16.43,    4.74,  28.53,   -14.88
bld_B355401881101063C0,     752.32,     628.35,   10.87,    4.63,  36.30,   -14.81
bld_B355401884702063C0,     749.99,     663.75,   18.11,    2.68,  10.78,    75.37
bld_B355401893001063C0,     750.96,     747.50,   38.61,   28.76,  32.90,     8.64
bld_B355411861401063C0,     748.76,     430.01,   16.42,    4.41,  28.53,   -14.88
bld_B355411867701063C0,     747.12,     494.14,   15.89,    4.38,  28.45,   -15.11
bld_B355411917101063C0,     756.14,     987.82,   16.10,    4.58,  27.03,     8.97
bld_B355411917501063C0,     755.45,     992.40,   16.23,    4.71,  27.04,     8.97
bld_B355421861801063C0,     749.95,     434.01,   16.17,    4.36,  28.36,   -14.52
bld_B355421868101063C0,     748.17,     498.17,   16.02,    4.61,  27.82,   -14.96
bld_B355421881601063C0,     753.44,     632.72,   10.88,    4.40,  36.22,   -14.79
bld_B355421896201063C0,     754.32,     782.22,   32.44,   18.65,  25.23,   -81.07
bld_B355421916701063C0,     756.86,     983.30,   16.05,    4.58,  27.19,     8.97
bld_B355431868501063C0,     749.01,     502.65,   15.89,    4.49,  27.82,   -14.97
bld_B355431882001063C0,     754.51,     636.99,   10.89,    4.53,  36.22,   -14.16
bld_B355431916201063C0,     757.64,     978.69,   16.10,    4.76,  27.20,     8.96
bld_B355441862201063C0,     751.07,     438.88,   16.48,    6.27,  28.36,   -14.30
bld_B355441869001063C0,     749.97,     506.83,   16.15,    4.51,  35.41,   -15.25
bld_B355441915701063C0,     758.36,     974.21,   16.06,    4.71,  27.64,     8.96
bld_B355451869401063C0,     750.96,     511.08,   16.20,    4.22,  35.42,   -15.26
bld_B355451915301063C0,     759.39,     969.64,   16.60,    4.65,  27.63,     8.97
bld_B355461869801063C0,     752.06,     515.10,   16.30,    4.15,  35.42,   -15.35
bld_B355461870201063C0,     752.11,     519.02,   15.55,    5.20,  23.23,   -15.10
bld_B355461882901063C0,     756.23,     645.81,   13.81,   13.22,  37.56,    75.38
bld_B355461914801063C0,     759.65,     964.61,   17.67,    5.57,  27.21,     9.27
bld_B355471913501063C0,     761.93,     951.93,   16.88,    7.16,  28.32,    14.38
bld_B355481870701063C0,     753.48,     525.80,   17.76,    8.64,  23.23,   -15.14
bld_B355481913001063C0,     762.62,     946.87,   16.00,    4.75,  28.31,     9.23
bld_B355491864801063C0,     756.50,     463.94,   18.50,    5.86,  28.49,   -14.99
bld_B355491884401063C0,     760.52,     661.75,   19.44,   13.14,  27.56,    75.11
bld_B355501912401063C0,     763.64,     940.32,   16.17,    9.03,  26.88,     9.19
bld_B355511865301063C0,     759.04,     468.32,   15.87,    4.45,  33.01,   -15.21
bld_B355511872401063C0,     758.64,     540.66,   16.90,    4.40,  26.23,   -14.71
bld_B355511911701063C0,     765.03,     933.33,   16.83,    5.66,  26.96,     9.44
bld_B355521910801063C0,     766.17,     924.55,   16.52,    4.69,  28.45,     9.33
bld_B355521911301063C0,     765.68,     929.03,   16.81,    4.80,  26.95,     8.87
bld_B355531865601063C0,     760.09,     472.63,   15.94,    4.43,  33.01,   -15.19
bld_B355531866001063C0,     760.94,     476.70,   15.50,    4.32,  27.74,   -14.91
bld_B355531866501063C0,     762.19,     480.86,   15.14,    4.38,  27.75,   -14.90
bld_B355531871901063C0,     757.54,     536.49,   16.89,    4.26,  26.23,   -14.78
bld_B355531872801063C0,     759.26,     544.67,   14.26,    4.02,  26.74,   -14.72
bld_B355531890601063C0,     763.50,     722.16,   25.30,   22.00,  14.98,   -80.89
bld_B355531910401063C0,     766.83,     919.96,   16.50,    4.61,  28.45,     9.44
bld_B355541873201063C0,     760.27,     548.50,   14.25,    3.91,  26.73,   -14.70
bld_B355541909901063C0,     767.46,     915.57,   16.46,    4.57,  35.77,     9.41
bld_B355551866901063C0,     763.45,     484.91,   15.64,    4.33,  28.19,   -14.93
bld_B355551873601063C0,     760.90,     552.57,   15.10,    4.31,  27.50,   -14.71
bld_B355551874001063C0,     761.61,     556.64,   14.43,    3.95,  27.49,   -14.69
bld_B355551909401063C0,     768.15,     910.01,   16.75,    6.79,  39.79,     8.90
bld_B355561867301063C0,     764.51,     489.14,   15.74,    4.39,  28.19,   -14.91
bld_B355561919201063C0,     773.41,    1009.38,   17.27,    5.76,  27.28,     8.84
bld_B355571867801063C0,     767.06,     492.99,   18.39,    4.87,  27.59,   -14.84
bld_B355571874401063C0,     762.69,     560.78,   14.42,    4.62,  33.39,   -14.71
bld_B355571916701063C0,     775.08,     989.09,   16.73,   15.84,  78.85,   -81.09
bld_B355581868101063C0,     768.26,     497.59,   18.42,    4.64,  27.59,   -14.82
bld_B355581874801063C0,     764.23,     565.37,   12.97,    5.06,  33.40,   -14.72
bld_B355581918501063C0,     774.35,    1002.05,   16.91,    9.21,  66.42,     8.57
bld_B355591868601063C0,     767.75,     502.10,   15.77,    4.23,  27.37,   -14.51
bld_B355591875201063C0,     766.31,     569.76,   15.84,    4.57,  26.95,   -14.44
bld_B355591875701063C0,     767.53,     573.70,   16.25,    3.74,  26.96,   -14.71
bld_B355591906701063C0,     772.40,     884.31,   12.12,   11.11,  83.50,   -80.15
bld_B355591906802063C0,     771.81,     885.01,   19.97,   15.80,  16.02,   -81.11
bld_B355601869101063C0,     768.82,     506.20,   15.88,    4.48,  27.36,   -15.32
bld_B355601917102063C0,     776.07,     988.55,   18.20,   17.70,  21.02,   -81.04
bld_B355611869501063C0,     770.14,     510.53,   15.62,    4.79,  28.01,   -14.92
bld_B355621869901063C0,     770.62,     514.91,   16.97,    5.01,  27.08,   -17.08
bld_B355621876101063C0,     768.36,     577.79,   16.78,    4.61,  28.59,   -14.73
bld_B355631870301063C0,     772.48,     519.43,   15.73,    5.40,  27.08,   -14.62
bld_B355631876501063C0,     769.44,     581.96,   16.76,    4.03,  28.77,   -14.70
bld_B355631904201063C0,     775.83,     856.02,   27.29,   10.83,  77.21,   -81.03
bld_B355631915601063C0,     779.15,     973.10,   17.53,    4.44,  33.52,     8.54
bld_B355631916101063C0,     777.54,     977.43,   18.94,    4.92,  32.24,     9.46
bld_B355641876901063C0,     770.67,     585.48,   16.12,    3.42,  26.81,   -14.72
bld_B355641904102063C0,     776.33,     856.22,   38.36,   15.47,  16.01,   -80.96
bld_B355641915201063C0,     779.98,     967.70,   17.52,    6.61,  32.38,     8.96
bld_B355651877301063C0,     772.08,     589.76,   16.70,    5.63,  28.29,   -14.47
bld_B355661879401063C0,     777.43,     608.87,   17.84,    4.52,  37.41,   -15.25
bld_B355671871701063C0,     775.64,     531.37,   15.45,    5.45,  27.00,   -14.86
bld_B355671872001063C0,     777.10,     535.94,   15.25,    4.17,  27.14,   -15.02
bld_B355671913801063C0,     784.07,     954.97,   13.03,    4.91,  22.22,     9.27
bld_B355681878601063C0,     774.77,     602.53,   15.91,    4.24,  37.50,   -15.26
bld_B355681879001063C0,     775.64,     605.75,   15.89,    2.45,  37.39,   -15.25
bld_B355681913301063C0,     784.83,     950.26,   13.02,    4.79,  22.31,     9.33
bld_B355691860101063C0,     773.38,     418.99,   14.46,    4.68,  26.39,   -14.87
bld_B355691860701063C0,     775.24,     422.90,   16.08,    4.14,  25.53,   -14.74
bld_B355691872801063C0,     779.18,     543.89,   13.21,    4.26,  21.62,   -15.04
bld_B355701872301063C0,     779.21,     539.53,   14.31,    4.15,  21.85,   -15.02
bld_B355701879601063C0,     777.82,     612.52,   16.74,    2.74,  37.09,   -15.24
bld_B355701880001063C0,     778.11,     616.18,   16.56,    4.55,  27.20,   -15.26
bld_B355701911501063C0,     785.91,     931.00,   15.42,   14.26,  82.30,   -81.47
bld_B355711861001063C0,     776.17,     426.44,   16.09,    5.59,  26.54,   -14.50
bld_B355711873201063C0,     779.97,     548.12,   15.83,    4.72,  27.09,   -15.06
bld_B355711873601063C0,     782.53,     551.86,   12.76,    3.85,  27.10,   -15.01
bld_B355711880401063C0,     779.37,     620.32,   16.85,    4.12,  27.20,   -15.24
bld_B355711911302063C0,     784.78,     934.14,   27.18,   17.18,  11.02,   -80.90
bld_B355721861401063C0,     777.35,     430.91,   16.07,    3.86,  26.54,   -14.75
bld_B355721880901063C0,     780.50,     624.65,   16.92,    4.86,  26.37,   -15.24
bld_B355721910001063C0,     789.39,     916.41,   10.71,    9.46,  78.22,     9.14
bld_B355731861901063C0,     778.35,     434.75,   16.06,    5.68,  27.05,   -14.63
bld_B355731881301063C0,     781.63,     629.15,   16.85,    4.42,  26.50,   -15.25
bld_B355731909902063C0,     787.78,     915.62,   16.61,   10.80,  19.40,     9.09
bld_B355741874401063C0,     781.33,     559.82,   11.33,    8.80,  52.99,    76.57
bld_B355741874502063C0,     783.10,     560.36,   15.14,   13.40,  20.70,   -14.63
bld_B355741881701063C0,     782.83,     633.29,   15.58,    4.39,  26.49,   -14.73
bld_B355741907401063C0,     791.01,     892.62,   18.75,   11.69,  43.44,     8.83
bld_B355751862301063C0,     779.53,     439.23,   16.05,    3.79,  26.54,   -14.68
bld_B355751882101063C0,     783.92,     637.55,   15.95,    4.56,  27.46,   -15.26
bld_B355751882501063C0,     785.29,     642.10,   16.27,    4.97,  27.46,   -15.25
bld_B355761862701063C0,     780.68,     443.60,   16.08,    7.02,  27.06,   -14.34
bld_B355771875602063C0,     785.96,     571.04,   15.06,    8.49,  20.67,   -15.01
bld_B355781864101063C0,     781.02,     457.06,    9.81,    4.71,  32.88,   -14.57
bld_B355781876501063C0,     786.47,     581.21,   11.44,   10.84,  67.11,    75.00
bld_B355781906801063C0,     794.95,     885.42,   13.19,    4.61,  38.60,     9.05
bld_B355791864601063C0,     782.15,     461.54,    9.84,    4.69,  32.89,   -14.89
bld_B355791865001063C0,     786.20,     465.05,   15.95,    4.73,  34.56,   -14.89
bld_B355791875501063C0,     786.55,     570.83,   10.64,    8.32,  71.11,   -14.55
bld_B355791876502063C0,     787.80,     581.24,   13.49,   12.19,  16.45,   -14.92
bld_B355791883702063C0,     788.72,     654.23,   20.84,   16.62,  23.01,    75.90
bld_B355791883801063C0,     789.59,     656.31,   13.50,   10.79,  78.28,    75.42
bld_B355791907801063C0,     795.03,     895.65,    9.86,    6.96,  40.04,     8.93
bld_B355801893301063C0,     790.47,     748.79,    5.00,    3.47,   7.86,     9.30
bld_B355801902801063C0,     792.02,     844.67,    3.12,    2.66,  10.46,     8.13
bld_B355801905202063C0,     794.39,     869.12,   27.71,   18.57,  22.10,   -81.15
bld_B355811905301063C0,     796.14,     869.56,   18.71,   12.27,  60.18,   -81.03
bld_B355821865901063C0,     788.45,     473.79,   15.99,    4.41,  33.25,   -14.85
bld_B355831878501063C0,     792.78,     600.06,   16.44,    9.99,  28.04,   -14.87
bld_B355841864201063C0,     789.27,     457.29,    9.28,    6.09,  33.41,    75.50
bld_B355841866701063C0,     790.67,     482.41,   16.05,    4.56,  32.88,   -14.86
bld_B355841903501063C0,     796.26,     851.63,   10.66,    8.08,  52.07,     8.75
bld_B355841903502063C0,     798.69,     851.57,   18.51,    9.25,  21.55,    10.24
bld_B355841919001063C0,     798.50,    1008.49,    7.52,    4.72,  17.50,   -81.00
bld_B355851879101063C0,     795.06,     607.01,   16.30,    4.94,  27.86,   -15.00
bld_B355861865301063C0,     787.36,     469.51,   15.96,    5.35,  35.47,   -14.43
bld_B355861867001063C0,     791.82,     486.67,   15.97,    4.77,  27.89,   -14.79
bld_B355861867501063C0,     792.95,     490.96,   15.93,    4.37,  27.74,   -14.77
bld_B355861879601063C0,     796.50,     611.32,   15.76,    5.01,  28.19,   -14.79
bld_B355871860201063C0,     793.33,     418.33,   16.05,    4.52,  28.01,   -15.21
bld_B355871867901063C0,     794.08,     495.32,   15.96,    4.74,  27.74,   -15.09
bld_B355871902801063C0,     799.62,     844.69,   17.89,    7.62,  22.70,     8.87
bld_B355881860701063C0,     794.27,     422.18,   15.89,    5.41,  28.01,   -14.72
bld_B355881861101063C0,     795.44,     426.57,   15.89,    4.33,  27.90,   -15.00
bld_B355881866101063C0,     789.57,     478.07,   16.00,    5.21,  34.21,   -14.29
bld_B355881868301063C0,     795.18,     499.55,   15.96,    4.22,  27.74,   -15.04
bld_B355881880001063C0,     797.43,     615.99,   16.29,    5.30,  28.36,   -15.02
bld_B355881880401063C0,     798.58,     620.38,   16.34,    3.86,  28.36,   -15.31
bld_B355891880901063C0,     799.74,     624.59,   16.36,    4.89,  28.08,   -15.30
bld_B355891894301063C0,     797.76,     758.81,   23.01,    9.07,  18.11,     9.11
bld_B355891916601063C0,     806.38,     982.07,   18.93,    5.07,  22.34,     8.35
bld_B355901861501063C0,     797.77,     430.42,   13.33,    4.34,  27.91,   -14.91
bld_B355901868701063C0,     796.27,     503.76,   15.97,    4.51,  27.74,   -15.04
bld_B355901869201063C0,     797.24,     507.79,   15.83,    5.22,  27.66,   -14.97
bld_B355901881301063C0,     801.17,     629.19,   15.95,    4.74,  28.07,   -15.32
bld_B355901903201063C0,     804.71,     848.62,    6.58,    1.43,  22.70,     9.07
bld_B355901916101063C0,     807.18,     977.54,   19.25,    4.68,  20.90,     8.81
bld_B355901917901063C0,     806.17,     992.82,   15.20,   11.50,  46.97,     8.90
bld_B355901917902063C0,     805.00,     994.06,   18.26,   17.13,  18.20,   -80.99
bld_B355911862401063C0,     798.68,     439.80,   16.37,    5.21,  27.56,   -15.15
bld_B355911869601063C0,     798.52,     512.74,   15.82,    5.02,  27.67,   -14.96
bld_B355911919501063C0,     806.51,    1009.74,    7.73,    7.49,  12.30,     8.78
bld_B355921861901063C0,     797.42,     435.04,   16.38,    4.64,  27.57,   -15.16
bld_B355921881701063C0,     802.16,     633.66,   16.17,    4.49,  27.16,   -15.83
bld_B355931915701063C0,     808.80,     972.12,   19.52,    7.63,  27.46,     9.02
bld_B355941863901063C0,     802.26,     452.62,   13.12,    6.90,  39.35,   -14.62
bld_B355941882701063C0,     804.45,     642.54,   15.96,   14.40,  38.24,   -14.78
bld_B355961864801063C0,     805.17,     463.11,   12.86,    5.00,  36.94,   -14.92
bld_B355961883601063C0,     807.65,     651.08,   17.56,    4.56,  30.69,   -14.49
bld_B355961913801063C0,     811.25,     955.28,   19.48,   15.73,  11.35,     8.57
bld_B355971870901063C0,     802.58,     527.28,   16.12,   10.81,  27.91,   -14.45
bld_B355971884001063C0,     808.22,     656.79,   15.88,    6.98,  30.69,   -15.33
bld_B355981865801063C0,     807.62,     472.92,   13.20,    4.88,  37.69,   -15.30
bld_B355991912601063C0,     813.26,     940.84,   17.29,    4.46,  33.45,     8.91
bld_B355991913001063C0,     812.60,     945.51,   17.50,    4.99,  33.45,     8.91
bld_B356001864201063C0,     803.77,     458.35,   13.10,    5.03,  39.36,   -14.86
bld_B356001872601063C0,     806.59,     541.76,   20.20,   15.57,  27.20,    75.05
bld_B356001911802063C0,     813.68,     934.28,   18.09,    9.13,  12.75,     8.14
bld_B356011911901063C0,     817.43,     934.83,   10.42,    9.15,  76.36,     8.76
bld_B356021865201063C0,     806.41,     468.05,   13.02,    5.22,  36.92,   -15.04
bld_B356021866101063C0,     808.80,     477.67,   13.38,    4.92,  37.68,   -15.37
bld_B356031866701063C0,     810.52,     481.83,   14.65,    4.24,  32.36,   -15.35
bld_B356031867101063C0,     811.29,     486.44,   15.60,    5.11,  33.78,   -15.57
bld_B356041867601063C0,     812.45,     490.82,   15.55,    4.35,  31.86,   -14.96
bld_B356051867901063C0,     813.21,     494.60,   15.99,    4.63,  29.05,   -14.37
bld_B356061868401063C0,     814.49,     498.83,   16.39,    4.44,  29.05,   -14.61
bld_B356061868901063C0,     815.58,     503.34,   16.59,    5.28,  37.60,   -14.96
bld_B356061910301063C0,     816.66,     921.28,   18.58,   17.24,  30.93,     8.48
bld_B356071907701063C0,     820.39,     896.39,   17.06,   12.56,  44.19,     9.16
bld_B356081869301063C0,     816.69,     508.38,   16.21,    5.09,  37.60,   -15.06
bld_B356081907802063C0,     819.63,     894.63,   19.06,   15.89,  15.49,     9.16
bld_B356081918601063C0,     824.32,    1002.26,   15.43,    5.97,  22.12,   -81.12
bld_B356091906901063C0,     822.00,     885.22,   17.44,    4.69,  27.57,     9.03
bld_B356101870501063C0,     819.88,     519.96,   15.99,    6.15,  36.30,   -14.99
bld_B356101906401063C0,     822.74,     880.53,   17.41,    4.82,  27.57,     9.00
bld_B356111871701063C0,     822.55,     530.05,   16.09,    4.89,  36.31,   -14.99
bld_B356121894901063C0,     821.89,     760.41,   22.76,   13.17,  14.57,     9.12
bld_B356121903501063C0,     827.37,     850.69,   17.40,   11.10,  36.53,     8.99
bld_B356121905102063C0,     825.15,     867.15,   23.21,   17.39,  23.49,   -81.41
bld_B356131877401063C0,     817.73,     591.05,   18.65,    6.29,  28.14,   -14.87
bld_B356131905301063C0,     824.21,     864.66,   17.46,   10.96,  56.11,   -81.14
bld_B356141875001063C0,     822.17,     565.05,   30.08,   26.42,  12.39,   -14.84
bld_B356141877901063C0,     820.46,     595.87,   15.89,    5.10,  32.95,   -15.38
bld_B356141916601063C0,     832.34,     992.23,   24.94,    9.43,  82.67,   -81.61
bld_B356151878401063C0,     821.58,     600.08,   15.85,    4.64,  34.20,   -14.96
bld_B356151896701063C0,     826.43,     782.59,    4.57,    3.51,   7.89,   -79.80
bld_B356151916802063C0,     830.58,     986.57,   41.96,   14.62,  11.17,   -81.41
bld_B356161878901063C0,     822.79,     604.61,   15.81,    4.76,  34.20,   -14.95
bld_B356171871001063C0,     821.44,     525.53,   15.91,    5.43,  37.97,   -14.98
bld_B356171872601063C0,     825.62,     541.73,   16.01,   10.59,  28.37,   -14.46
bld_B356171879201063C0,     823.91,     608.98,   15.79,    5.06,  33.03,   -14.77
bld_B356171879601063C0,     824.80,     612.58,   15.77,    3.38,  35.32,   -15.05
bld_B356181880001063C0,     825.74,     616.16,   15.78,    4.04,  38.12,   -14.99
bld_B356191871901063C0,     823.83,     534.84,   16.11,    5.17,  36.30,   -14.65
bld_B356191880301063C0,     825.99,     620.12,   14.24,    3.80,  38.11,   -14.80
bld_B356201880701063C0,     826.86,     623.45,   14.25,    3.16,  35.32,   -15.04
bld_B356201912601063C0,     839.41,     943.26,   10.44,    9.44,  82.72,     9.14
bld_B356211881101063C0,     829.19,     626.72,   15.35,    4.77,  29.06,   -14.73
bld_B356231863101063C0,     828.39,     444.85,   16.31,    6.14,  28.60,   -14.80
bld_B356231882301063C0,     835.08,     641.75,   18.54,   10.81,  61.28,    75.21
bld_B356231882502063C0,     832.50,     640.92,   24.62,   15.39,  23.04,    75.38
bld_B356231912702063C0,     837.67,     942.98,   13.98,    9.46,  19.59,     9.23
bld_B356241863501063C0,     829.53,     449.90,   15.95,    4.30,  28.60,   -15.08
bld_B356241863901063C0,     830.61,     453.83,   15.17,    4.42,  35.06,   -15.26
bld_B356241897601063C0,     836.64,     790.99,    5.87,    4.55,  12.50,     8.47
bld_B356251911101063C0,     840.45,     926.42,   15.45,   14.35,  27.57,   -81.54
bld_B356261860701063C0,     832.26,     423.61,   30.76,   13.14,  23.35,   -14.62
bld_B356261864301063C0,     830.90,     458.52,   13.33,    4.92,  35.06,   -14.41
bld_B356261901601063C0,     836.47,     830.18,   19.10,    6.27,  12.92,     8.98
bld_B356281864901063C0,     833.68,     464.38,   12.74,    9.03,  27.43,   -14.74
bld_B356281877201063C0,     837.67,     585.85,   13.64,    6.36,  34.31,   -14.27
bld_B356281877501063C0,     838.99,     591.01,   13.62,    4.31,  32.72,   -14.26
bld_B356291878001063C0,     840.42,     595.23,   12.39,    4.75,  34.36,   -14.87
bld_B356301865501063C0,     834.57,     470.65,   14.30,    4.42,  27.45,   -14.70
bld_B356301866001063C0,     835.64,     474.93,   14.25,    4.50,  27.45,   -15.10
bld_B356301878401063C0,     840.45,     600.19,   14.95,    4.95,  34.36,   -15.42
bld_B356311866601063C0,     838.64,     480.86,   13.89,    8.68,  64.30,   -14.66
bld_B356311900601063C0,     839.21,     821.27,   21.83,   12.78,  14.17,     8.89
bld_B356321878901063C0,     841.61,     604.55,   15.07,    4.16,  33.30,   -15.69
bld_B356321918601063C0,     847.78,    1002.79,   19.89,   18.75,  62.67,   -81.06
bld_B356331867201063C0,     839.71,     487.26,   15.70,    4.79,  27.58,   -15.19
bld_B356331916801063C0,     851.54,     984.31,   18.16,   16.91,  58.83,   -81.63
bld_B356341867601063C0,     840.82,     491.76,   15.63,    4.51,  27.58,   -15.07
bld_B356341879901063C0,     844.10,     613.15,   15.30,    4.16,  27.44,   -14.63
bld_B356341897201063C0,     845.19,     786.72,   22.76,    6.82,  14.23,     8.46
bld_B356341899501063C0,     841.96,     807.96,   22.96,   14.95,  15.71,     9.25
bld_B356351880401063C0,     846.54,     617.55,   17.75,    5.78,  32.42,   -14.19
bld_B356361880901063C0,     846.79,     623.13,   15.44,    6.38,  33.78,   -15.08
bld_B356361883002063C0,     850.84,     642.07,   13.80,   10.16,  11.17,   -14.58
bld_B356361898201063C0,     843.57,     797.51,   23.18,    6.36,  14.35,     8.96
bld_B356361901601063C0,     847.83,     832.16,    5.93,    3.99,   9.49,   -81.03
bld_B356371862901063C0,     842.64,     442.53,    9.87,    7.90,  29.15,    75.08
bld_B356371868401063C0,     842.50,     498.78,   16.08,   10.67,  28.33,   -13.46
bld_B356371879301063C0,     842.87,     608.79,   15.28,    5.00,  27.44,   -14.91
bld_B356371881401063C0,     848.43,     629.53,   15.43,    6.98,  34.27,   -15.16
bld_B356371897801063C0,     848.87,     793.05,   14.10,    4.55,  14.35,     9.29
bld_B356371900201063C0,     850.04,     817.43,    3.76,    1.84,   8.80,     8.61
bld_B356371915101063C0,     853.95,     966.47,   19.50,   18.01,  56.82,     9.05
bld_B356391882001063C0,     849.88,     635.24,   15.35,    4.82,  32.45,   -15.15
bld_B356391913801063C0,     855.65,     953.39,   16.75,    9.03,  42.64,     9.00
bld_B356401898701063C0,     846.05,     801.80,   16.86,    1.55,  11.36,     9.41
bld_B356401912901063C0,     858.68,     940.52,   17.83,   15.64,  61.48,   -80.89
bld_B356411862601063C0,     850.56,     441.00,   10.89,    8.23,  29.15,    74.86
bld_B356411863501063C0,     848.75,     449.02,   16.05,    4.71,  29.19,   -14.66
bld_B356411882701063C0,     853.42,     643.04,   12.28,   12.07,  27.33,    75.38
bld_B356411901501063C0,     867.53,     810.49,   56.68,   25.33,  13.81,   -80.98
bld_B356411907902063C0,     855.93,     894.47,   34.96,   27.37,  26.15,     8.63
bld_B356421863901063C0,     849.98,     453.33,   15.85,    4.39,  29.18,   -14.22
bld_B356421864401063C0,     850.46,     457.68,   15.50,    4.69,  33.87,   -14.28
bld_B356421907801063C0,     854.18,     893.51,   30.42,   25.83,  76.23,     9.01
bld_B356421911201063C0,     858.42,     927.23,   15.24,    8.70, 107.15,     8.64
bld_B356431864701063C0,     851.70,     462.00,   15.26,    4.49,  33.87,   -15.03
bld_B356431911202063C0,     859.30,     926.51,   17.87,   10.42,  18.55,     8.74
bld_B356451865101063C0,     853.33,     466.04,   16.21,    4.68,  28.34,   -14.84
bld_B356451865501063C0,     854.42,     470.33,   16.16,    4.19,  28.34,   -14.82
bld_B356451871101063C0,     852.12,     524.35,   30.73,   22.03,  45.69,    75.56
bld_B356451892201063C0,     856.31,     736.73,    2.81,    2.08,  11.60,   -84.90
bld_B356471866001063C0,     854.23,     474.64,   14.28,    4.46,  27.59,   -14.63
bld_B356481866401063C0,     855.41,     478.77,   14.14,    4.16,  27.59,   -14.73
bld_B356501866801063C0,     857.39,     482.72,   16.08,    4.68,  28.43,   -14.50
bld_B356511867201063C0,     858.71,     487.69,   16.00,    5.61,  28.43,   -14.50
bld_B356521868001063C0,     860.37,     494.05,   15.90,   10.73,  29.28,   -14.40
bld_B356541894302063C0,     864.71,     757.16,   41.54,   33.29,  24.03,   -84.77
bld_B356561886902063C0,     867.50,     678.98,   59.91,   40.13,  19.42,   -85.87
bld_B356591894101063C0,     863.89,     755.96,   39.24,   27.80,  72.67,   -84.85
bld_B356601884701063C0,     872.19,     678.89,   62.61,   39.68,  58.70,   -88.89
bld_B356661863001063C0,     870.36,     444.82,   21.74,    9.55,  30.09,    86.75
bld_B356681872002063C0,     876.69,     533.66,   63.67,   59.01,  46.31,   -14.78
bld_B356691877702063C0,     880.62,     591.10,   42.65,   38.15,  22.40,   -14.69
bld_B356701864501063C0,     874.52,     458.64,    7.05,    3.81,  11.50,    78.77
bld_B356721871801063C0,     880.52,     532.74,   58.88,   24.53,  78.95,    75.39
bld_B356721881801063C0,     883.54,     624.76,   32.49,   29.46,  63.26,   -15.56
bld_B356741863201063C0,     879.13,     445.77,   22.80,   10.02,  30.09,   -87.83
bld_B356741863302063C0,     879.01,     448.78,   26.23,   10.01,  11.65,   -87.81
bld_B356741877701063C0,     877.27,     592.48,   37.10,   26.52,  65.14,    75.39
bld_B356801918801063C0,     894.40,    1001.52,   24.09,   13.92,  84.48,     8.41
bld_B356811917602063C0,     895.78,     990.50,   24.60,   13.61,  21.91,     8.44
bld_B356821917701063C0,     897.77,     990.91,   14.44,   13.60,  83.42,     9.11
bld_B356831865802063C0,     888.54,     473.08,   33.30,   15.92,  17.10,     3.83
bld_B356841916501063C0,     897.56,     981.40,   25.27,    5.62,  47.05,     9.04
bld_B356851862501063C0,     897.73,     439.99,   20.10,   11.94,  43.21,     4.91
bld_B356851864701063C0,     893.39,     460.62,   19.54,   10.30,  61.74,     4.13
bld_B356851865901063C0,     892.58,     473.32,   25.16,   15.93,  58.64,     3.97
bld_B356851913501063C0,     903.57,     949.97,   13.87,   10.08,  78.40,     8.61
bld_B356861915101063C0,     899.84,     965.83,   23.88,   12.43,  61.57,     8.91
bld_B356871914301063C0,     905.79,     957.92,   14.91,    5.29,  59.50,     9.02
bld_B356881863601063C0,     892.27,     450.51,   13.45,    9.98,  79.81,     3.75
bld_B356881867101063C0,     891.36,     484.10,   26.87,   12.00,  37.18,   -14.93
bld_B356881914402063C0,     901.30,     957.29,   23.99,    5.39,  21.38,     8.50
bld_B356891863602063C0,     896.14,     450.73,   21.38,    9.99,  23.68,     4.69
bld_B356891913602063C0,     902.79,     949.87,   23.62,   10.35,  21.16,     8.50
bld_B356911862602063C0,     895.33,     440.72,   18.37,   10.24,  12.85,     3.59
bld_B356911912402063C0,     904.28,     936.52,   24.62,   16.83,  22.32,     8.59
bld_B356921912501063C0,     902.78,     936.84,   16.10,   15.65,  90.04,     8.64
bld_B356931916301063C0,     898.64,     974.46,   25.29,    8.53,  48.43,     9.28
bld_B356961906201063C0,     914.08,     875.96,   24.07,    6.41,  54.12,     9.08
bld_B356971909001063C0,     913.15,     905.05,   20.21,   12.74,  79.67,   -81.53
bld_B356971909002063C0,     909.21,     904.93,   24.70,   21.15,  21.53,     7.95
bld_B356981905201063C0,     915.17,     865.85,   24.91,   14.51,  47.69,     8.69
bld_B356981907801063C0,     911.15,     892.32,   24.41,    5.10,  28.91,     8.92
bld_B356991907401063C0,     912.37,     887.09,   23.83,    5.76,  28.66,     9.23
bld_B357001906701063C0,     913.07,     881.97,   23.78,    5.78,  54.12,     9.07
bld_B357081902301063C0,     922.55,     837.62,   19.31,   19.03,  76.69,   -82.12
bld_B357091902302063C0,     920.09,     837.44,   25.14,   20.24,  19.76,     8.68
bld_B357111898601063C0,     926.74,     799.75,   23.66,    5.44,  57.85,    12.06
bld_B357111900701063C0,     922.42,     820.33,   23.97,   15.58,  54.81,    11.63
bld_B357141909802063C0,     928.63,     911.91,   12.69,   11.36,  22.13,   -81.79
bld_B357141910001063C0,     928.27,     913.68,   11.09,    8.46,  86.97,     9.04
bld_B357151899401063C0,     925.12,     807.55,   23.72,   10.94,  61.09,    12.19
bld_B357181898001063C0,     928.00,     792.97,   22.99,    9.00,  48.27,    14.02
bld_B357191913501063C0,     931.64,     952.22,   35.96,   28.54,  67.00,   -81.03
bld_B357221896401063C0,     936.32,     774.42,   19.68,   19.46,  89.89,   -73.83
bld_B357221908801063C0,     936.08,     902.05,   23.13,    6.77,  27.91,     8.98
bld_B357231896302063C0,     933.90,     776.95,   26.08,   25.03,  21.48,   -73.80
bld_B357241884601063C0,     931.26,     658.54,    8.38,    2.63,  12.76,     3.77
bld_B357251878501063C0,     959.34,     600.38,   71.72,   27.71,  78.39,     3.74
bld_B357251881301063C0,     942.42,     626.48,   19.20,    7.73,   7.64,     4.26
bld_B357251908101063C0,     937.09,     894.84,   23.33,    7.79,  27.91,     8.98
bld_B357261907501063C0,     940.34,     889.04,   19.63,    6.59,  32.82,     8.90
bld_B357271905802063C0,     941.65,     867.81,   23.72,   21.63,  17.25,     8.90
bld_B357271906901063C0,     940.78,     882.16,   21.04,    7.19,  32.82,     8.79
bld_B357281905601063C0,     941.69,     871.71,   13.89,   12.75,  87.98,   -81.40
bld_B357281909901063C0,     939.83,     912.93,   13.88,   13.72,  30.68,   -81.79
bld_B357331864601063C0,     938.54,     459.78,   44.01,   15.56,  63.35,   -85.97
bld_B357331902801063C0,     949.48,     830.63,   39.43,   19.61,  43.23,   -81.28
bld_B357341870901063C0,     938.16,     523.68,   18.57,   11.39,  56.02,     4.10
bld_B357351864602063C0,     940.83,     459.75,   40.84,   14.49,  24.06,   -85.82
bld_B357351871102063C0,     941.75,     524.10,   32.02,   11.90,  39.91,     4.10
bld_B357351874001063C0,     939.70,     553.01,   35.32,   31.88,  64.32,   -85.68
bld_B357381881601063C0,     949.98,     627.54,    4.08,    3.61,   8.66,     5.25
bld_B357401860701063C0,     944.01,     420.79,   21.63,   16.45,  64.61,     4.51
bld_B357421913001063C0,     956.83,     941.75,    6.56,    4.57,  13.03,     8.60
bld_B357441893601063C0,     955.46,     746.60,   21.39,   12.12,  31.61,   -82.84
bld_B357471866001063C0,     954.58,     470.51,   16.50,    9.15,  61.19,   -85.59
bld_B357471873402063C0,     939.78,     553.25,   37.52,   32.14,  19.02,   -86.04
bld_B357471878602063C0,     960.38,     599.85,   77.54,   29.62,  24.33,     4.03
bld_B357471890601063C0,     956.30,     719.81,    9.35,    5.92,  17.11,     2.41
bld_B357481865802063C0,     954.21,     473.83,   23.24,    9.51,  21.27,   -86.15
bld_B357491860301063C0,     951.15,     412.57,    9.30,    8.15,  12.92,   -86.24
bld_B357501912501063C0,     964.06,     943.61,   46.75,   16.13,  71.89,   -81.34
bld_B357521880801063C0,     958.66,     622.12,   25.65,   12.20,  10.64,   -19.10
bld_B357521913002063C0,     965.54,     943.83,   46.74,   23.77,  26.37,   -81.31
bld_B357551866701063C0,     961.13,     472.94,   21.13,    4.53,  30.31,   -86.09
bld_B357551875201063C0,     964.30,     565.28,   15.94,   14.09,  29.15,   -86.38
bld_B357561908001063C0,     974.40,     891.96,   59.35,   16.67,  34.54,   -79.27
bld_B357581873501063C0,     966.34,     548.37,   14.94,   11.26,  73.29,     4.39
bld_B357581873502063C0,     965.64,     548.66,   13.66,   12.02,  21.45,     4.06
bld_B357581915101063C0,     971.58,     964.93,    6.88,    5.22,  30.16,   -81.01
bld_B357591866101063C0,     965.69,     473.34,   20.96,    4.65,  30.32,   -86.09
bld_B357601890401063C0,     974.20,     713.50,   50.93,   41.64,  41.14,   -81.23
bld_B357621863401063C0,     969.51,     450.58,   19.69,   17.89,  30.89,   -85.96
bld_B357641860901063C0,     969.18,     421.60,   23.92,   12.64, 107.15,    11.99
bld_B357641860902063C0,     969.15,     421.45,   23.06,   15.67,  23.16,     3.92
bld_B357641865801063C0,     970.01,     473.83,   20.86,    4.50,  29.84,   -86.36
bld_B357641887101063C0,     973.26,     684.56,    8.45,    3.85,  17.35,   -57.27
bld_B357681866701063C0,     974.39,     476.64,   15.85,    4.61,  29.84,   -86.35
bld_B357731873602063C0,     981.28,     549.88,   17.94,   12.02,  24.87,     4.23
bld_B357731873701063C0,     981.20,     549.76,   17.83,   11.75,  64.01,     4.39
bld_B357741866201063C0,     981.60,     474.13,   21.97,   10.19,  36.82,   -86.34
bld_B357741875601063C0,     984.52,     566.81,   26.93,   16.55,  37.39,     4.22
bld_B357751886601063C0,     986.57,     676.12,   41.28,   16.02,  33.17,   -56.92
bld_B357821865901063C0,     988.37,     475.33,   22.65,    4.69,  24.75,   -85.60
bld_B357851864002063C0,     990.39,     452.64,   24.43,   19.38,  23.37,     3.97
bld_B357861866901063C0,     993.20,     475.50,   22.84,    4.98,  24.76,   -85.63
bld_B357861873802063C0,     994.58,     550.85,   11.91,    9.16,  23.07,   -85.80
bld_B357871873801063C0,     994.52,     551.69,   10.23,    9.09,  49.79,   -86.00
bld_B357881861201063C0,     994.13,     424.10,   20.94,   12.82, 101.92,     4.20
bld_B357891861102063C0,     994.26,     423.40,   27.50,   16.34,  23.47,     4.53
bld_B357891863701063C0,     990.21,     454.81,   24.42,   14.47,  60.90,     4.06
bld_B357991871501063C0,    1006.27,     527.72,    8.08,    7.93,  26.30,     4.03
bld_B358001866701063C0,    1009.85,     476.93,   24.56,   13.53,  61.07,     3.81
bld_B358011864001063C0,    1006.68,     450.87,   15.78,    4.83,  33.74,   -85.85
bld_B358011874801063C0,    1008.88,     560.46,   28.89,   11.96,  68.41,   -85.82
bld_B358011888601063C0,    1006.59,     700.96,   46.37,   24.02,  47.98,   -66.77
bld_B358011894601063C0,    1012.53,     757.67,   14.28,   11.60,  42.19,    89.10
bld_B358021866502063C0,    1008.93,     476.21,   27.47,   20.57,  19.88,     4.07
bld_B358021874702063C0,    1008.89,     560.55,   29.08,   15.73,  24.82,   -85.79
bld_B358051869902063C0,    1011.81,     511.60,   25.57,   16.77,  27.98,   -86.19
bld_B358051904601063C0,    1019.38,     858.56,   26.88,   25.74,  92.05,    45.58
bld_B358061869901063C0,    1009.40,     512.25,   17.21,   11.99,  58.86,   -86.24
bld_B358071863401063C0,    1011.91,     451.26,   15.78,    5.67,  33.74,   -85.84
bld_B358071871601063C0,    1014.56,     528.67,    8.63,    8.60,  26.30,     4.33
bld_B358081899701063C0,    1020.00,     808.06,    8.29,    6.27,  38.90,    53.92
bld_B358101865401063C0,    1014.78,     464.61,   17.70,    6.42,  23.99,     4.18
bld_B358111864001063C0,    1016.98,     451.65,   15.84,    4.61,  34.35,   -85.90
bld_B358111885801063C0,    1015.87,     659.14,   54.11,   36.77,  51.19,    53.33
bld_B358121861301063C0,    1015.01,     424.83,   15.50,    9.92,  60.42,   -86.26
bld_B358121861302063C0,    1018.14,     425.29,   16.87,   16.47,  15.93,   -85.75
bld_B358161863501063C0,    1022.30,     452.05,   15.86,    6.21,  34.35,   -85.67
bld_B358171889801063C0,    1026.35,     711.57,   13.58,   12.76,  30.27,   -85.98
bld_B358181898401063C0,    1029.63,     797.29,   26.34,   25.97,  92.05,   -33.63
bld_B358271891801063C0,    1053.94,     723.62,   78.80,   72.51,  38.98,   -86.64
bld_B358271903301063C0,    1039.46,     844.98,   26.84,   25.68,  92.06,    59.08
bld_B358281897401063C0,    1037.65,     785.57,   15.31,    7.96,  38.43,    10.93
bld_B358311919601063C0,    1047.66,    1008.09,    7.57,    6.18,  72.99,    19.65
bld_B358321900501063C0,    1044.28,     817.95,   27.02,   25.75,  92.06,   -37.94
bld_B358341895001063C0,    1045.58,     762.39,    7.09,    5.77,  31.60,     3.96
bld_B358351918901063C0,    1050.97,    1001.47,    2.99,    2.79,  69.39,    19.53
bld_B358391907101063C0,    1052.54,     883.03,   12.63,    4.93,  38.52,    36.23
bld_B358411881301063C0,    1051.01,     624.15,   39.02,   30.25,  26.48,   -41.27
bld_B358421916501063C0,    1058.74,     977.31,   16.31,    9.89,  70.30,    41.10
bld_B358471887501063C0,    1057.85,     685.63,   13.02,   12.04,  40.25,   -85.71
bld_B358531867701063C0,    1055.00,     507.59,   55.03,   50.36,  49.62,   -86.53
bld_B358551917501063C0,    1069.55,     986.73,   12.71,    9.91,  70.30,    41.09
bld_B358641918101063C0,    1078.16,     991.73,    6.87,    6.85,  70.30,    41.63
bld_B358701877201063C0,    1082.62,     580.89,   55.97,   32.30,  33.70,   -41.26
bld_B358721907701063C0,    1085.90,     888.14,    3.41,    2.76,  37.53,   -52.05
bld_B358761889701063C0,    1086.12,     707.19,   11.02,    9.65,  33.13,   -85.62
bld_B358831862801063C0,    1086.32,     437.40,   32.25,   30.13,  38.03,   -86.29
bld_B358861884601063C0,    1077.39,     660.91,   65.27,   39.10,  38.65,    -7.87
bld_B358911862302063C0,    1101.30,     470.57,  164.45,  138.12,  27.69,   -86.03
bld_B358971892601063C0,    1107.58,     736.77,    8.24,    4.64,  23.23,   -83.10
bld_B359041862501063C0,    1109.21,     433.86,    5.02,    4.98,  11.47,     2.58
bld_B359041890801063C0,    1113.35,     716.85,   20.30,   18.35,  31.20,   -61.16
bld_B359071898101063C0,    1116.54,     791.58,   54.43,   14.89,  33.45,    11.78
bld_B359111868001063C0,    1118.23,     476.94,   98.52,   45.41,  50.69,     3.31
bld_B359301902501063C0,    1148.23,     838.98,   21.28,    6.52,  32.14,    35.94
bld_B359311912201063C0,    1144.75,     930.88,    2.87,    1.63,  37.63,   -53.93
bld_B359371876101063C0,    1163.38,     570.02,   68.64,   51.94,  55.48,    35.26
bld_B359381898701063C0,    1150.26,     796.74,    3.34,    3.06,  22.99,   -78.76
bld_B359411903401063C0,    1153.57,     843.93,    4.75,    4.04,  32.14,   -53.88
bld_B359431882201063C0,    1130.73,     622.17,   79.08,   59.30,  61.55,    81.53
bld_B359451908301063C0,    1159.87,     891.98,   11.81,   11.81,  38.85,    50.04
bld_B359481865901063C0,    1154.08,     466.32,   29.63,   24.14,  31.97,     2.36
bld_B359561918401063C0,    1169.55,     992.58,   19.47,   11.90,  42.32,   -28.71
bld_B359571901801063C0,    1168.17,     823.15,    9.96,    9.18,  24.78,   -70.58
bld_B359591906501063C0,    1172.56,     872.84,   17.43,   10.99,  38.16,   -55.57
bld_B359671897501063C0,    1176.82,     780.85,   30.22,   28.75,  43.26,    12.92
bld_B359711892901063C0,    1177.09,     729.08,   51.75,   20.72,  79.01,   -77.03
bld_B359881902101063C0,    1200.75,     828.30,    9.02,    9.01,  37.01,   -54.97
bld_B359901897001063C0,    1201.78,     778.71,   11.30,    6.24,  23.94,   -77.11
